,Ground energy,Opt_gamma_beta,Counts,Approx. ratio,Iteration,Min. key
0,6.922412,"[[-0.09193233  0.4682968 ]
 [-0.19056867  0.3162029 ]
 [-0.2823519   0.2515731 ]
 [-0.3450952   0.20540375]
 [-0.44215807  0.13765378]]","{'000001': 5, '000010': 7, '000011': 334, '000100': 1, '000101': 368, '000110': 40, '000111': 15748, '001000': 5, '001001': 39, '001010': 367, '001011': 15498, '001100': 5, '001101': 63, '001110': 59, '001111': 329, '010000': 9, '010001': 29, '010010': 4, '010011': 70, '010100': 383, '010101': 15883, '010110': 60, '010111': 324, '011000': 29, '011001': 23, '011010': 62, '011011': 41, '011100': 68, '011101': 34, '011110': 9, '011111': 3, '100000': 6, '100001': 11, '100010': 35, '100011': 59, '100100': 29, '100101': 52, '100110': 20, '100111': 45, '101000': 338, '101001': 58, '101010': 15767, '101011': 385, '101100': 62, '101101': 10, '101110': 44, '101111': 4, '110000': 358, '110001': 56, '110010': 70, '110011': 6, '110100': 15815, '110101': 369, '110110': 25, '110111': 7, '111000': 15687, '111001': 44, '111010': 371, '111011': 3, '111100': 351, '111101': 7, '111110': 7}",0.98891604,9,"['000111', '001011', '010101', '101010', '110100', '111000']"
1,6.493932,"[[-0.1848064   0.44064447]
 [-0.31700528  0.28743574]
 [-0.2823519   0.2515731 ]
 [-0.3450952   0.20540375]
 [-0.44215807  0.13765378]]","{'000000': 18, '000001': 113, '000010': 2, '000011': 247, '000100': 1, '000101': 296, '000110': 33, '000111': 968, '001000': 8, '001001': 1772, '001010': 101, '001011': 1312, '001100': 65, '001101': 11, '001110': 568, '001111': 52, '010000': 2, '010001': 2587, '010010': 165, '010011': 3112, '010100': 153, '010101': 3177, '010110': 28516, '010111': 2512, '011000': 43, '011001': 509, '011010': 1341, '011011': 102, '011100': 16, '011101': 45, '011110': 1804, '011111': 8, '100000': 14, '100001': 1767, '100010': 56, '100011': 12, '100100': 96, '100101': 1367, '100110': 575, '100111': 61, '101000': 2562, '101001': 28886, '101010': 3305, '101011': 177, '101100': 3088, '101101': 179, '101110': 2589, '101111': 10, '110000': 46, '110001': 574, '110010': 17, '110011': 45, '110100': 1330, '110101': 118, '110110': 1874, '110111': 9, '111000': 932, '111001': 23, '111010': 251, '111011': 4, '111100': 247, '111101': 3, '111110': 114, '111111': 10}",0.9277046,10,"['010110', '101001']"
2,5.812982,"[[-0.1938387   0.52631164]
 [-0.34192163  0.3373266 ]
 [-0.2823519   0.2515731 ]
 [-0.3450952   0.20540375]
 [-0.44215807  0.13765378]]","{'000000': 5, '000001': 82, '000010': 76, '000011': 22977, '000100': 23, '000101': 1, '000110': 1865, '000111': 1035, '001000': 12, '001001': 21, '001010': 63, '001011': 8, '001100': 1313, '001101': 28, '001110': 1870, '001111': 25, '010000': 20, '010001': 4, '010011': 889, '010100': 80, '010101': 23, '010110': 51, '010111': 90, '011000': 82, '011001': 33, '011010': 71, '011100': 19244, '011101': 1, '011110': 59, '011111': 4, '100000': 2, '100001': 56, '100010': 1, '100011': 19192, '100100': 3, '100101': 84, '100110': 53, '100111': 88, '101000': 92, '101001': 45, '101010': 32, '101011': 84, '101100': 913, '101101': 8, '101110': 4, '101111': 18, '110000': 29, '110001': 1885, '110010': 39, '110011': 1269, '110100': 3, '110101': 80, '110110': 20, '110111': 16, '111000': 970, '111001': 2003, '111010': 1, '111011': 18, '111100': 22758, '111101': 87, '111110': 86, '111111': 6}",0.96883035,16,"['000011', '011100', '100011', '111100']"
3,7.7775817,"[[-0.12636997  0.39313024]
 [-0.26254144  0.21563041]
 [-0.2823519   0.2515731 ]
 [-0.3450952   0.20540375]
 [-0.44215807  0.13765378]]","{'000000': 24, '000001': 31, '000010': 23, '000011': 217, '000100': 23, '000101': 197, '000110': 198, '000111': 262, '001000': 214, '001001': 414, '001010': 446, '001011': 735, '001100': 405, '001101': 700, '001110': 738, '001111': 37, '010000': 131, '010001': 7, '010010': 4, '010011': 8765, '010100': 6, '010101': 8816, '010110': 8755, '010111': 15579, '011000': 42, '011001': 715, '011010': 666, '011011': 385, '011100': 756, '011101': 432, '011110': 427, '011111': 171, '100000': 209, '100001': 398, '100010': 429, '100011': 696, '100100': 379, '100101': 721, '100110': 692, '100111': 38, '101000': 15368, '101001': 8731, '101010': 8720, '101011': 5, '101100': 8643, '101101': 2, '101110': 3, '101111': 120, '110000': 35, '110001': 707, '110010': 735, '110011': 377, '110100': 709, '110101': 417, '110110': 403, '110111': 179, '111000': 238, '111001': 214, '111010': 197, '111011': 20, '111100': 233, '111101': 17, '111110': 24, '111111': 20}",0.9721977,10,"['010011', '010101', '010110', '010111', '101000', '101001', '101010', '101100']"
4,5.890657,"[[-0.15197504  0.43811116]
 [-0.22313374  0.23133829]
 [-0.2823519   0.2515731 ]
 [-0.3450952   0.20540375]
 [-0.44215807  0.13765378]]","{'000000': 6, '000001': 2, '000011': 154, '000100': 7, '000101': 931, '000110': 12981, '000111': 10199, '001000': 5, '001001': 606, '001010': 14, '001011': 101, '001100': 53, '001101': 10730, '001110': 297, '001111': 1090, '010000': 14, '010001': 40, '010010': 768, '010011': 298, '010100': 5, '010101': 2, '010110': 11295, '010111': 76, '011001': 294, '011010': 31, '011011': 25, '011100': 42, '011101': 73, '011110': 58, '011111': 19, '100000': 6, '100001': 59, '100010': 71, '100011': 45, '100100': 29, '100101': 17, '100110': 259, '100111': 2, '101000': 78, '101001': 11299, '101010': 6, '101011': 5, '101100': 298, '101101': 742, '101110': 23, '101111': 16, '110000': 1082, '110001': 292, '110010': 10681, '110011': 60, '110100': 65, '110101': 11, '110110': 586, '110111': 4, '111000': 10188, '111001': 12815, '111010': 890, '111011': 9, '111100': 140, '111110': 4, '111111': 2}",0.9817762,8,"['000110', '000111', '001101', '010110', '101001', '110010', '111000', '111001']"
5,8.453384,"[[-0.13437924  0.3689677 ]
 [-0.25104392  0.21344925]
 [-0.2823519   0.2515731 ]
 [-0.3450952   0.20540375]
 [-0.44215807  0.13765378]]","{'000000': 48, '000001': 48, '000010': 96, '000011': 205, '000100': 39, '000101': 164, '000110': 103, '000111': 2294, '001000': 95, '001001': 171, '001010': 1498, '001011': 2277, '001100': 112, '001101': 2342, '001110': 439, '001111': 223, '010000': 91, '010001': 182, '010010': 1458, '010011': 2317, '010100': 122, '010101': 2316, '010110': 434, '010111': 206, '011000': 1466, '011001': 2293, '011010': 28194, '011011': 162, '011100': 440, '011101': 186, '011110': 70, '011111': 52, '100000': 56, '100001': 66, '100010': 182, '100011': 397, '100100': 161, '100101': 27954, '100110': 2355, '100111': 1449, '101000': 171, '101001': 395, '101010': 2345, '101011': 115, '101100': 2254, '101101': 1512, '101110': 174, '101111': 100, '110000': 199, '110001': 444, '110010': 2283, '110011': 106, '110100': 2395, '110101': 1499, '110110': 183, '110111': 104, '111000': 2298, '111001': 120, '111010': 125, '111011': 42, '111100': 188, '111101': 98, '111110': 41, '111111': 46}",0.93926495,10,"['011010', '100101']"
6,8.494655,"[[-0.20728207  0.53336245]
 [-0.3275169   0.461168  ]
 [-0.2823519   0.2515731 ]
 [-0.3450952   0.20540375]
 [-0.44215807  0.13765378]]","{'000000': 71, '000001': 65, '000010': 58, '000011': 56, '000100': 49, '000101': 907, '000110': 72, '000111': 111, '001000': 59, '001001': 66, '001010': 1040, '001011': 29, '001100': 67, '001101': 103, '001110': 28, '001111': 45, '010000': 54, '010001': 902, '010010': 66, '010011': 135, '010100': 927, '010101': 40791, '010110': 120, '010111': 1727, '011000': 49, '011001': 121, '011010': 40, '011011': 54, '011100': 107, '011101': 1703, '011110': 56, '011111': 14, '100000': 15, '100001': 53, '100010': 1694, '100011': 132, '100100': 62, '100101': 28, '100110': 128, '100111': 62, '101000': 1777, '101001': 138, '101010': 41281, '101011': 870, '101100': 145, '101101': 82, '101110': 938, '101111': 54, '110000': 43, '110001': 35, '110010': 99, '110011': 67, '110100': 34, '110101': 1059, '110110': 54, '110111': 57, '111000': 130, '111001': 58, '111010': 904, '111011': 58, '111100': 59, '111101': 70, '111110': 48, '111111': 74}",0.9438505,12,"['010101', '101010']"
7,7.5107036,"[[-0.19987673  0.46738067]
 [-0.3566302   0.33109108]
 [-0.2823519   0.2515731 ]
 [-0.3450952   0.20540375]
 [-0.44215807  0.13765378]]","{'000000': 79, '000001': 7, '000010': 295, '000011': 241, '000100': 325, '000101': 96, '000110': 1, '000111': 461, '001000': 9, '001001': 480, '001010': 88, '001011': 959, '001100': 236, '001101': 1012, '001110': 463, '001111': 476, '010000': 9, '010001': 502, '010010': 87, '010011': 997, '010100': 269, '010101': 971, '010110': 497, '010111': 447, '011000': 367, '011001': 454, '011010': 9, '011011': 75, '011100': 39680, '011101': 234, '011110': 328, '011111': 7, '100000': 4, '100001': 398, '100010': 254, '100011': 39556, '100100': 92, '100101': 18, '100110': 473, '100111': 353, '101000': 446, '101001': 436, '101010': 995, '101011': 216, '101100': 997, '101101': 83, '101110': 496, '101111': 9, '110000': 481, '110001': 445, '110010': 975, '110011': 213, '110100': 932, '110101': 88, '110110': 433, '110111': 6, '111000': 456, '111001': 5, '111010': 87, '111011': 273, '111100': 221, '111101': 297, '111110': 9, '111111': 92}",0.93883795,11,"['011100', '100011']"
8,6.7435846,"[[-0.1518248   0.44811344]
 [-0.26037207  0.2864608 ]
 [-0.2823519   0.2515731 ]
 [-0.3450952   0.20540375]
 [-0.44215807  0.13765378]]","{'000000': 8, '000001': 22, '000011': 19, '000100': 1, '000101': 3, '000110': 1612, '000111': 1637, '001001': 16, '001010': 64, '001011': 611, '001100': 19, '001101': 6, '001110': 178, '001111': 68, '010000': 3, '010010': 13, '010011': 7, '010100': 1845, '010101': 39, '010110': 19381, '010111': 164, '011000': 1611, '011001': 1542, '011010': 166, '011011': 62, '011100': 19326, '011101': 191, '011110': 1264, '011111': 125, '100000': 115, '100001': 1220, '100010': 169, '100011': 19517, '100100': 67, '100101': 197, '100110': 1584, '100111': 1550, '101000': 181, '101001': 19216, '101010': 50, '101011': 1973, '101100': 6, '101101': 10, '101110': 2, '101111': 2, '110000': 75, '110001': 210, '110010': 15, '110011': 7, '110100': 596, '110101': 82, '110110': 19, '111000': 1521, '111001': 1573, '111011': 3, '111100': 11, '111110': 25, '111111': 1}",0.96336925,8,"['010110', '011100', '100011', '101001']"
9,7.510703,"[[-0.19987671  0.46738067]
 [-0.3566302   0.33109108]
 [-0.2823519   0.2515731 ]
 [-0.3450952   0.20540375]
 [-0.44215807  0.13765378]]","{'000000': 75, '000001': 282, '000010': 13, '000011': 230, '000100': 281, '000101': 5, '000110': 85, '000111': 470, '001000': 8, '001001': 88, '001010': 460, '001011': 949, '001100': 243, '001101': 467, '001110': 936, '001111': 462, '010000': 5, '010001': 229, '010010': 341, '010011': 39843, '010100': 93, '010101': 449, '010110': 17, '010111': 369, '011000': 469, '011001': 977, '011010': 450, '011011': 243, '011100': 994, '011101': 474, '011110': 89, '011111': 6, '100000': 9, '100001': 108, '100010': 453, '100011': 957, '100100': 223, '100101': 462, '100110': 985, '100111': 443, '101000': 378, '101001': 13, '101010': 479, '101011': 99, '101100': 39507, '101101': 379, '101110': 232, '101111': 8, '110000': 458, '110001': 981, '110010': 503, '110011': 220, '110100': 1012, '110101': 448, '110110': 102, '110111': 8, '111000': 449, '111001': 73, '111010': 2, '111011': 320, '111100': 239, '111101': 8, '111110': 276, '111111': 64}",0.9388379,11,"['010011', '101100']"
10,7.703948,"[[-0.20328179  0.52835613]
 [-0.34052077  0.40182504]
 [-0.2823519   0.2515731 ]
 [-0.3450952   0.20540375]
 [-0.44215807  0.13765378]]","{'000000': 22, '000001': 7, '000010': 157, '000011': 404, '000100': 10, '000101': 14, '000110': 78, '000111': 33, '001000': 37, '001001': 37, '001010': 34, '001011': 44, '001100': 236, '001101': 184, '001110': 66, '001111': 3, '010001': 559, '010010': 2750, '010011': 42433, '010100': 2, '010101': 59, '010110': 186, '010111': 273, '011000': 163, '011001': 1481, '011010': 24, '011011': 420, '011100': 35, '011101': 83, '011110': 23, '011111': 4, '100000': 10, '100001': 11, '100010': 71, '100011': 37, '100100': 437, '100101': 29, '100110': 1419, '100111': 145, '101000': 271, '101001': 164, '101010': 69, '101011': 6, '101100': 42762, '101101': 2799, '101110': 516, '110000': 4, '110001': 51, '110010': 196, '110011': 290, '110100': 43, '110101': 47, '110110': 40, '110111': 35, '111000': 29, '111001': 63, '111010': 15, '111011': 8, '111100': 405, '111101': 136, '111110': 7, '111111': 24}",0.9629935,14,"['010011', '101100']"
11,7.5625277,"[[-0.1698834   0.47591072]
 [-0.32611677  0.3469122 ]
 [-0.2823519   0.2515731 ]
 [-0.3450952   0.20540375]
 [-0.44215807  0.13765378]]","{'000000': 31, '000001': 34, '000010': 1, '000011': 197, '000100': 13, '000101': 70, '000110': 27, '000111': 232, '001000': 10, '001001': 72, '001010': 47, '001011': 232, '001100': 47, '001101': 54, '001110': 7, '001111': 27, '010000': 7, '010001': 7169, '010010': 198, '010011': 33077, '010100': 143, '010101': 3541, '010110': 101, '010111': 2, '011000': 107, '011001': 3608, '011010': 117, '011100': 577, '011101': 29, '011110': 108, '011111': 165, '100000': 163, '100001': 107, '100010': 20, '100011': 530, '100100': 2, '100101': 110, '100110': 3532, '100111': 145, '101000': 3, '101001': 105, '101010': 3562, '101011': 144, '101100': 32982, '101101': 213, '101110': 7211, '101111': 7, '110000': 22, '110001': 8, '110010': 60, '110011': 49, '110100': 221, '110101': 26, '110110': 75, '110111': 11, '111000': 264, '111001': 37, '111010': 65, '111011': 13, '111100': 199, '111101': 4, '111110': 26, '111111': 34}",0.94531596,9,"['010011', '101100']"
12,5.426798,"[[-0.18696773  0.5053042 ]
 [-0.2944901   0.3019476 ]
 [-0.2823519   0.2515731 ]
 [-0.3450952   0.20540375]
 [-0.44215807  0.13765378]]","{'000000': 1, '000001': 48, '000010': 38, '000011': 3014, '000100': 3, '000101': 38, '000110': 7, '000111': 5, '001000': 3, '001001': 2991, '001010': 10, '001011': 4053, '001100': 46, '001101': 2436, '001110': 14, '001111': 30, '010000': 53, '010001': 97, '010010': 3083, '010011': 23445, '010100': 2963, '010101': 139, '010110': 4123, '010111': 279, '011000': 49, '011001': 154, '011010': 7, '011011': 268, '011100': 2489, '011101': 236, '011110': 28, '011111': 5, '100000': 7, '100001': 17, '100010': 202, '100011': 2472, '100100': 251, '100101': 6, '100110': 134, '100111': 44, '101000': 271, '101001': 4184, '101010': 123, '101011': 2963, '101100': 23241, '101101': 3079, '101110': 87, '101111': 44, '110000': 31, '110001': 20, '110010': 2402, '110011': 52, '110100': 4102, '110101': 6, '110110': 2923, '110111': 8, '111000': 4, '111001': 6, '111010': 41, '111011': 3, '111100': 3068, '111101': 22, '111110': 30, '111111': 2}",0.90446633,14,"['010011', '101100']"
13,5.550301,"[[-0.19001059  0.47384173]
 [-0.3052361   0.2531263 ]
 [-0.2823519   0.2515731 ]
 [-0.3450952   0.20540375]
 [-0.44215807  0.13765378]]","{'000000': 6, '000001': 58, '000010': 58, '000011': 92, '000101': 9, '000110': 265, '000111': 85, '001000': 278, '001001': 3066, '001010': 715, '001011': 119, '001100': 2603, '001101': 718, '001110': 32273, '001111': 32, '010000': 9, '010001': 59, '010010': 262, '010011': 1856, '010100': 55, '010101': 49, '010110': 4037, '010111': 698, '011000': 30, '011001': 307, '011010': 114, '011011': 44, '011100': 352, '011101': 53, '011110': 2085, '011111': 2, '100000': 3, '100001': 2048, '100010': 51, '100011': 385, '100100': 62, '100101': 103, '100110': 314, '100111': 25, '101000': 695, '101001': 4073, '101010': 32, '101011': 64, '101100': 1792, '101101': 270, '101110': 65, '101111': 6, '110000': 34, '110001': 31625, '110010': 696, '110011': 2515, '110100': 125, '110101': 662, '110110': 3121, '110111': 296, '111000': 77, '111001': 261, '111010': 13, '111100': 88, '111101': 45, '111110': 57, '111111': 8}",0.9250502,10,"['001110', '110001']"
14,7.382889,"[[-0.1423728   0.42640194]
 [-0.26734644  0.25790513]
 [-0.2823519   0.2515731 ]
 [-0.3450952   0.20540375]
 [-0.44215807  0.13765378]]","{'000000': 17, '000001': 16, '000010': 135, '000011': 91, '000100': 15, '000101': 313, '000110': 99, '000111': 22067, '001000': 24, '001001': 77, '001010': 9, '001011': 208, '001100': 85, '001101': 60, '001110': 223, '001111': 155, '010000': 17, '010001': 21, '010010': 101, '010011': 2354, '010100': 20, '010101': 9, '010110': 2312, '010111': 2783, '011000': 4262, '011001': 2351, '011010': 4295, '011011': 2746, '011100': 2401, '011110': 2892, '011111': 109, '100000': 112, '100001': 2812, '100011': 2409, '100100': 2764, '100101': 4164, '100110': 2362, '100111': 4257, '101000': 2637, '101001': 2299, '101010': 20, '101011': 16, '101100': 2287, '101101': 86, '101110': 18, '101111': 9, '110000': 157, '110001': 200, '110010': 50, '110011': 96, '110100': 226, '110101': 11, '110110': 67, '110111': 33, '111000': 21930, '111001': 103, '111010': 351, '111011': 11, '111100': 95, '111101': 120, '111110': 16, '111111': 15}",0.9228611,9,"['000111', '111000']"
15,5.9503336,"[[-0.13073337  0.4473749 ]
 [-0.18869384  0.23856424]
 [-0.2823519   0.2515731 ]
 [-0.3450952   0.20540375]
 [-0.44215807  0.13765378]]","{'000001': 6, '000010': 7, '000011': 8328, '000100': 6, '000101': 60, '000110': 13, '000111': 63, '001000': 11, '001001': 15, '001010': 380, '001011': 10819, '001100': 10, '001101': 24, '001110': 3, '001111': 10, '010000': 8, '010001': 19, '010010': 42, '010011': 71, '010100': 8413, '010101': 44, '010110': 68, '010111': 22, '011000': 420, '011001': 3, '011010': 9756, '011011': 419, '011100': 10608, '011101': 15, '011110': 426, '011111': 18, '100000': 12, '100001': 352, '100010': 7, '100011': 10574, '100100': 417, '100101': 9844, '100110': 8, '100111': 353, '101000': 21, '101001': 52, '101010': 54, '101011': 8265, '101100': 50, '101101': 62, '101110': 16, '101111': 4, '110000': 7, '110001': 7, '110010': 24, '110011': 12, '110100': 10760, '110101': 397, '110110': 14, '110111': 12, '111000': 46, '111001': 9, '111010': 61, '111011': 9, '111100': 8427, '111101': 8, '111110': 6, '111111': 3}",0.9917223,8,"['000011', '001011', '010100', '011010', '011100', '100011', '100101', '101011', '110100', '111100']"
16,7.6733108,"[[-0.17376429  0.46351454]
 [-0.31938413  0.3148738 ]
 [-0.2823519   0.2515731 ]
 [-0.3450952   0.20540375]
 [-0.44215807  0.13765378]]","{'000000': 61, '000001': 7, '000010': 40, '000011': 116, '000100': 7, '000101': 44, '000110': 94, '000111': 37437, '001000': 59, '001001': 7, '001010': 14, '001011': 195, '001100': 5, '001101': 117, '001110': 227, '001111': 852, '010000': 61, '010001': 127, '010010': 45, '010011': 80, '010100': 100, '010101': 6145, '010110': 63, '010111': 3593, '011000': 198, '011001': 79, '011010': 118, '011011': 11, '011100': 85, '011101': 48, '011110': 2, '011111': 5, '100000': 6, '100001': 6, '100010': 40, '100011': 90, '100100': 13, '100101': 108, '100110': 80, '100111': 187, '101000': 3726, '101001': 80, '101010': 6225, '101011': 122, '101100': 61, '101101': 33, '101110': 108, '101111': 93, '110000': 823, '110001': 196, '110010': 131, '110011': 6, '110100': 196, '110101': 28, '110110': 10, '110111': 46, '111000': 37126, '111001': 110, '111010': 77, '111011': 5, '111100': 102, '111101': 49, '111110': 13, '111111': 62}",0.95916384,8,"['000111', '111000']"
17,8.749657,"[[-0.1586112   0.3986866 ]
 [-0.30163425  0.26356286]
 [-0.2823519   0.2515731 ]
 [-0.3450952   0.20540375]
 [-0.44215807  0.13765378]]","{'000000': 204, '000001': 95, '000010': 107, '000011': 860, '000100': 101, '000101': 834, '000110': 883, '000111': 43839, '001000': 37, '001001': 23, '001010': 15, '001011': 293, '001100': 15, '001101': 331, '001110': 290, '001111': 75, '010000': 34, '010001': 12, '010010': 11, '010011': 317, '010100': 25, '010101': 270, '010110': 312, '010111': 89, '011000': 55, '011001': 274, '011010': 306, '011011': 22, '011100': 296, '011101': 22, '011110': 18, '011111': 33, '100000': 36, '100001': 19, '100010': 22, '100011': 295, '100100': 17, '100101': 298, '100110': 301, '100111': 55, '101000': 63, '101001': 271, '101010': 315, '101011': 21, '101100': 281, '101101': 13, '101110': 13, '101111': 33, '110000': 57, '110001': 301, '110010': 295, '110011': 17, '110100': 290, '110101': 22, '110110': 18, '110111': 29, '111000': 43792, '111001': 858, '111010': 836, '111011': 96, '111100': 853, '111101': 92, '111110': 104, '111111': 189}",0.97218406,15,"['000111', '111000']"
18,4.9246936,"[[-0.23127222  0.46043724]
 [-0.295846    0.16763072]
 [-0.2823519   0.2515731 ]
 [-0.3450952   0.20540375]
 [-0.44215807  0.13765378]]","{'000000': 1, '000001': 6, '000010': 26, '000011': 12770, '000100': 68, '000101': 431, '000110': 60, '000111': 152, '001000': 28, '001001': 12787, '001010': 43, '001011': 22046, '001100': 77, '001101': 163, '001110': 67, '001111': 37, '010000': 15, '010001': 2, '010010': 86, '010011': 172, '010100': 49, '010101': 99, '010110': 156, '010111': 76, '011000': 60, '011001': 173, '011010': 99, '011011': 64, '011100': 175, '011101': 68, '011110': 5, '011111': 16, '100000': 13, '100001': 2, '100010': 76, '100011': 191, '100100': 65, '100101': 109, '100110': 204, '100111': 71, '101000': 88, '101001': 169, '101010': 121, '101011': 53, '101100': 205, '101101': 81, '101110': 4, '101111': 17, '110000': 27, '110001': 68, '110010': 137, '110011': 61, '110100': 22002, '110101': 43, '110110': 12630, '110111': 20, '111000': 151, '111001': 55, '111010': 467, '111011': 67, '111100': 12696, '111101': 24, '111110': 6}",0.98493874,9,"['000011', '001001', '001011', '110100', '110110', '111100']"
19,7.814892,"[[-0.1713722   0.46958715]
 [-0.336715    0.34889957]
 [-0.2823519   0.2515731 ]
 [-0.3450952   0.20540375]
 [-0.44215807  0.13765378]]","{'000000': 25, '000001': 165, '000010': 192, '000011': 45192, '000100': 7, '000101': 29, '000110': 31, '000111': 619, '001000': 7, '001001': 34, '001010': 44, '001011': 665, '001100': 150, '001101': 65, '001110': 55, '001111': 152, '010000': 7, '010001': 31, '010010': 31, '010011': 588, '010100': 18, '010101': 287, '010110': 281, '010111': 13, '011000': 15, '011001': 266, '011010': 287, '011011': 18, '011100': 575, '011101': 36, '011110': 24, '011111': 12, '100000': 10, '100001': 45, '100010': 46, '100011': 630, '100100': 21, '100101': 304, '100110': 286, '100111': 23, '101000': 17, '101001': 262, '101010': 238, '101011': 24, '101100': 653, '101101': 37, '101110': 30, '101111': 4, '110000': 135, '110001': 52, '110010': 61, '110011': 150, '110100': 657, '110101': 32, '110110': 25, '110111': 9, '111000': 624, '111001': 27, '111010': 28, '111011': 7, '111100': 45214, '111101': 205, '111110': 198, '111111': 25}",0.9768615,10,"['000011', '111100']"
20,5.5454087,"[[-0.20397659  0.47733295]
 [-0.35425043  0.2806254 ]
 [-0.2823519   0.2515731 ]
 [-0.3450952   0.20540375]
 [-0.44215807  0.13765378]]","{'000000': 4, '000010': 3, '000011': 31, '000101': 255, '000110': 28, '000111': 2459, '001000': 131, '001001': 17, '001010': 3595, '001011': 3406, '001100': 16, '001101': 146, '001110': 3360, '001111': 4327, '010000': 91, '010001': 91, '010010': 99, '010011': 4, '010100': 102, '010101': 29447, '010110': 4, '010111': 2020, '011000': 53, '011001': 45, '011010': 25, '011011': 16, '011100': 57, '011101': 219, '011110': 14, '011111': 5, '100000': 7, '100001': 11, '100010': 220, '100011': 53, '100100': 15, '100101': 24, '100110': 51, '100111': 40, '101000': 2131, '101001': 2, '101010': 29124, '101011': 108, '101100': 3, '101101': 89, '101110': 84, '101111': 79, '110000': 4448, '110001': 3350, '110010': 116, '110011': 30, '110100': 3294, '110101': 3626, '110110': 32, '110111': 129, '111000': 2530, '111001': 23, '111010': 280, '111100': 21, '111101': 3, '111111': 7}",0.9242348,9,"['010101', '101010']"
21,7.9104056,"[[-0.13202214  0.49775636]
 [-0.2930684   0.34805128]
 [-0.2823519   0.2515731 ]
 [-0.3450952   0.20540375]
 [-0.44215807  0.13765378]]","{'000000': 28, '000001': 131, '000010': 122, '000011': 26653, '000100': 7, '000101': 37, '000110': 30, '000111': 7300, '001000': 6, '001001': 39, '001010': 29, '001011': 7209, '001100': 11, '001101': 116, '001110': 127, '001111': 102, '010000': 12, '010001': 45, '010010': 31, '010011': 7250, '010100': 10, '010101': 101, '010110': 102, '010111': 105, '011000': 13, '011001': 111, '011010': 101, '011011': 91, '011100': 70, '011101': 10, '011110': 8, '011111': 86, '100000': 90, '100001': 7, '100010': 10, '100011': 95, '100100': 120, '100101': 103, '100110': 116, '100111': 13, '101000': 102, '101001': 104, '101010': 109, '101011': 16, '101100': 7402, '101101': 26, '101110': 28, '101111': 10, '110000': 102, '110001': 101, '110010': 113, '110011': 15, '110100': 7277, '110101': 30, '110110': 26, '110111': 14, '111000': 7204, '111001': 26, '111010': 31, '111011': 5, '111100': 26355, '111101': 116, '111110': 116, '111111': 25}",0.9888007,11,"['000011', '000111', '001011', '010011', '101100', '110100', '111000', '111100']"
22,6.6518006,"[[-0.19039719  0.51262176]
 [-0.31916776  0.33276653]
 [-0.2823519   0.2515731 ]
 [-0.3450952   0.20540375]
 [-0.44215807  0.13765378]]","{'000000': 14, '000001': 5, '000010': 27, '000011': 186, '000100': 4, '000101': 225, '000110': 57, '000111': 4253, '001000': 26, '001001': 12, '001010': 117, '001011': 25, '001100': 62, '001101': 10, '001110': 16, '001111': 26, '010000': 32, '010001': 22, '010010': 2415, '010011': 4205, '010100': 87, '010101': 42, '010110': 76, '010111': 174, '011000': 2290, '011001': 6, '011010': 34962, '011011': 257, '011100': 69, '011101': 18, '011110': 74, '011111': 5, '100000': 3, '100001': 59, '100010': 19, '100011': 75, '100100': 239, '100101': 35192, '100110': 3, '100111': 2370, '101000': 207, '101001': 75, '101010': 25, '101011': 95, '101100': 4256, '101101': 2430, '101110': 25, '101111': 28, '110000': 26, '110001': 11, '110010': 3, '110011': 44, '110100': 25, '110101': 110, '110110': 21, '110111': 27, '111000': 4299, '111001': 65, '111010': 235, '111011': 3, '111100': 190, '111101': 29, '111110': 2, '111111': 10}",0.9502573,16,"['011010', '100101']"
23,5.9046974,"[[-0.14569736  0.46542555]
 [-0.25900954  0.27951854]
 [-0.2823519   0.2515731 ]
 [-0.3450952   0.20540375]
 [-0.44215807  0.13765378]]","{'000000': 4, '000001': 16, '000010': 141, '000011': 334, '000100': 21, '000101': 11843, '000110': 316, '000111': 6937, '001000': 45, '001001': 3, '001010': 9512, '001011': 485, '001100': 5, '001101': 111, '001110': 510, '001111': 212, '010001': 167, '010010': 60, '010011': 494, '010100': 44, '010101': 8975, '010110': 7, '010111': 17, '011000': 23, '011001': 487, '011010': 9131, '011011': 183, '011100': 5, '011101': 50, '011110': 41, '011111': 1, '100000': 3, '100001': 43, '100010': 58, '100011': 4, '100100': 167, '100101': 9177, '100110': 481, '100111': 17, '101000': 22, '101001': 2, '101010': 9251, '101011': 43, '101100': 447, '101101': 75, '101110': 194, '101111': 1, '110000': 211, '110001': 484, '110010': 95, '110011': 4, '110100': 453, '110101': 9177, '110110': 5, '110111': 37, '111000': 6883, '111001': 302, '111010': 11641, '111011': 23, '111100': 356, '111101': 146, '111110': 15, '111111': 3}",0.98411626,8,"['000101', '000111', '001010', '010101', '011010', '100101', '101010', '110101', '111000', '111010']"
24,8.784324,"[[-0.12202042  0.37125754]
 [-0.20548244  0.16898924]
 [-0.2823519   0.2515731 ]
 [-0.3450952   0.20540375]
 [-0.44215807  0.13765378]]","{'000000': 9, '000001': 51, '000010': 65, '000011': 541, '000100': 3, '000101': 4, '000110': 3, '000111': 242, '001000': 3, '001001': 1, '001010': 1, '001011': 313, '001100': 4509, '001101': 10025, '001110': 9892, '001111': 524, '010000': 66, '010001': 541, '010010': 588, '010011': 10025, '010100': 1, '010101': 336, '010110': 301, '010111': 2, '011000': 3, '011001': 276, '011010': 292, '011011': 1, '011100': 10036, '011101': 538, '011110': 557, '011111': 63, '100000': 66, '100001': 556, '100010': 522, '100011': 10147, '100100': 1, '100101': 289, '100110': 314, '100111': 3, '101001': 261, '101010': 290, '101011': 2, '101100': 10029, '101101': 571, '101110': 498, '101111': 51, '110000': 559, '110001': 10049, '110010': 9933, '110011': 4727, '110100': 332, '110111': 2, '111000': 296, '111100': 555, '111101': 70, '111110': 58, '111111': 7}",0.97603595,16,"['001101', '001110', '010011', '011100', '100011', '101100', '110001', '110010']"
25,7.382889,"[[-0.1423728   0.42640194]
 [-0.26734644  0.25790513]
 [-0.2823519   0.2515731 ]
 [-0.3450952   0.20540375]
 [-0.44215807  0.13765378]]","{'000000': 16, '000001': 17, '000010': 128, '000011': 87, '000100': 15, '000101': 19, '000110': 95, '000111': 2325, '001000': 96, '001001': 2827, '001011': 2436, '001100': 160, '001101': 226, '001110': 60, '001111': 74, '010000': 17, '010001': 291, '010010': 100, '010011': 22146, '010100': 23, '010101': 10, '010110': 2272, '010111': 2714, '011000': 2848, '011001': 4236, '011010': 2430, '011011': 4182, '011100': 224, '011101': 4, '011110': 73, '011111': 29, '100000': 20, '100001': 101, '100010': 6, '100011': 208, '100100': 4271, '100101': 2272, '100110': 4150, '100111': 2861, '101000': 2774, '101001': 2268, '101010': 11, '101011': 32, '101100': 22020, '101101': 102, '101110': 327, '101111': 6, '110000': 90, '110001': 51, '110010': 215, '110011': 174, '110100': 2334, '110110': 2825, '110111': 105, '111000': 2275, '111001': 72, '111010': 22, '111011': 8, '111100': 92, '111101': 106, '111110': 9, '111111': 13}",0.9228611,9,"['010011', '101100']"
26,6.795169,"[[-0.1209801   0.41807058]
 [-0.21954866  0.2557669 ]
 [-0.2823519   0.2515731 ]
 [-0.3450952   0.20540375]
 [-0.44215807  0.13765378]]","{'000000': 31, '000001': 28, '000010': 8, '000011': 23, '000100': 30, '000101': 1228, '000110': 7, '000111': 9, '001000': 13, '001001': 783, '001010': 44, '001011': 934, '001100': 437, '001101': 9868, '001110': 198, '001111': 122, '010000': 20, '010001': 775, '010010': 47, '010011': 939, '010100': 473, '010101': 9794, '010110': 190, '010111': 93, '011000': 20, '011001': 12024, '011010': 408, '011011': 9183, '011100': 109, '011101': 2086, '011110': 44, '011111': 35, '100000': 37, '100001': 37, '100010': 2035, '100011': 109, '100100': 9427, '100101': 387, '100110': 11997, '100111': 22, '101000': 107, '101001': 210, '101010': 9806, '101011': 490, '101100': 877, '101101': 46, '101110': 761, '101111': 13, '110000': 90, '110001': 219, '110010': 9754, '110011': 442, '110100': 940, '110101': 55, '110110': 703, '110111': 12, '111000': 11, '111001': 5, '111010': 1280, '111011': 39, '111100': 12, '111101': 12, '111110': 28, '111111': 34}",0.9707385,8,"['001101', '010101', '011001', '011011', '100100', '100110', '101010', '110010']"
27,7.3828883,"[[-0.1423728   0.42640194]
 [-0.26734644  0.25790513]
 [-0.2823519   0.2515731 ]
 [-0.3450952   0.20540375]
 [-0.44215807  0.13765378]]","{'000000': 18, '000001': 100, '000010': 119, '000100': 19, '000101': 2732, '000110': 12, '000111': 13, '001000': 9, '001001': 173, '001010': 85, '001011': 43, '001100': 4140, '001101': 22032, '001110': 4199, '001111': 331, '010000': 11, '010001': 2869, '010010': 91, '010011': 2447, '010100': 86, '010101': 2298, '010110': 218, '010111': 14, '011000': 21, '011001': 228, '011010': 2258, '011011': 93, '011100': 2397, '011101': 112, '011110': 2827, '011111': 14, '100000': 18, '100001': 2829, '100010': 123, '100011': 2368, '100100': 100, '100101': 2267, '100110': 212, '100111': 26, '101000': 26, '101001': 218, '101010': 2297, '101011': 69, '101100': 2237, '101101': 109, '101110': 2710, '101111': 16, '110000': 325, '110001': 4209, '110010': 22136, '110011': 4269, '110100': 59, '110101': 103, '110110': 124, '110111': 5, '111000': 17, '111001': 6, '111010': 2830, '111011': 28, '111101': 124, '111110': 111, '111111': 20}",0.92286104,9,"['001101', '110010']"
28,6.7376547,"[[-0.17486311  0.46903118]
 [-0.3099781   0.3000313 ]
 [-0.2823519   0.2515731 ]
 [-0.3450952   0.20540375]
 [-0.44215807  0.13765378]]","{'000000': 10, '000001': 17, '000010': 26, '000011': 51, '000100': 112, '000101': 32, '000110': 30, '000111': 14, '001000': 16, '001001': 91, '001010': 31, '001011': 968, '001100': 30, '001101': 49, '001110': 24, '001111': 27, '010001': 81, '010010': 10, '010011': 11, '010100': 3854, '010101': 2187, '010110': 41, '010111': 2, '011000': 72, '011001': 20095, '011010': 5, '011011': 17956, '011100': 2150, '011101': 1931, '011110': 4, '011111': 11, '100000': 5, '100001': 6, '100010': 1963, '100011': 2115, '100100': 17829, '100101': 8, '100110': 20392, '100111': 62, '101000': 3, '101001': 47, '101010': 2188, '101011': 3903, '101100': 3, '101101': 7, '101110': 61, '110000': 40, '110001': 8, '110010': 43, '110011': 27, '110100': 896, '110101': 47, '110110': 91, '110111': 17, '111000': 15, '111001': 27, '111010': 34, '111011': 123, '111100': 45, '111101': 27, '111110': 11, '111111': 19}",0.96252215,9,"['011001', '011011', '100100', '100110']"
29,4.8523145,"[[-0.223958    0.5064537 ]
 [-0.3694482   0.26911545]
 [-0.2823519   0.2515731 ]
 [-0.3450952   0.20540375]
 [-0.44215807  0.13765378]]","{'000000': 6, '000001': 30, '000010': 530, '000011': 21457, '000100': 17, '000101': 79, '000110': 401, '000111': 53, '001000': 2, '001001': 7, '001010': 179, '001011': 825, '001100': 29, '001101': 64, '001110': 215, '001111': 14, '010000': 5, '010001': 94, '010010': 595, '010011': 11621, '010100': 131, '010101': 197, '010110': 295, '010111': 96, '011000': 93, '011001': 302, '011010': 239, '011011': 170, '011100': 11574, '011101': 573, '011110': 76, '011111': 7, '100000': 5, '100001': 103, '100010': 538, '100011': 11644, '100100': 135, '100101': 211, '100110': 285, '100111': 113, '101000': 97, '101001': 323, '101010': 206, '101011': 158, '101100': 11321, '101101': 607, '101110': 112, '101111': 4, '110000': 21, '110001': 203, '110010': 64, '110011': 25, '110100': 852, '110101': 187, '110110': 17, '110111': 2, '111000': 61, '111001': 368, '111010': 74, '111011': 23, '111100': 21697, '111101': 512, '111110': 48, '111111': 8}",0.9704629,12,"['000011', '010011', '011100', '100011', '101100', '111100']"
30,6.7376547,"[[-0.17486313  0.46903118]
 [-0.3099781   0.3000313 ]
 [-0.2823519   0.2515731 ]
 [-0.3450952   0.20540375]
 [-0.44215807  0.13765378]]","{'000000': 17, '000001': 13, '000011': 66, '000100': 25, '000101': 64, '000110': 10, '000111': 11, '001000': 132, '001001': 25, '001010': 3836, '001011': 2187, '001100': 19, '001101': 13, '001110': 32, '001111': 2, '010000': 11, '010001': 4, '010010': 32, '010011': 16, '010100': 1972, '010101': 2168, '010110': 44, '010111': 45, '011000': 17778, '011001': 7, '011010': 955, '011011': 42, '011100': 20534, '011101': 66, '011110': 101, '011111': 15, '100000': 14, '100001': 87, '100010': 77, '100011': 20421, '100100': 38, '100101': 892, '100110': 5, '100111': 17782, '101000': 42, '101001': 47, '101010': 2130, '101011': 1936, '101100': 16, '101101': 45, '101110': 4, '101111': 6, '110000': 2, '110001': 37, '110010': 15, '110011': 23, '110100': 2120, '110101': 3709, '110110': 31, '110111': 110, '111000': 7, '111001': 4, '111010': 46, '111011': 22, '111100': 63, '111110': 14, '111111': 13}",0.96252215,9,"['011000', '011100', '100011', '100111']"
31,5.742606,"[[-0.24325545  0.5782158 ]
 [-0.40141994  0.38520423]
 [-0.2823519   0.2515731 ]
 [-0.3450952   0.20540375]
 [-0.44215807  0.13765378]]","{'000001': 102, '000010': 16, '000011': 98, '000100': 8, '000101': 63, '000110': 30, '000111': 156, '001000': 29, '001001': 23, '001010': 14, '001011': 5, '001100': 3, '001101': 80, '001110': 32, '010000': 11, '010001': 4273, '010010': 274, '010011': 39900, '010100': 4, '010101': 25, '010110': 71, '010111': 3, '011000': 67, '011001': 4274, '011010': 182, '011011': 86, '011100': 133, '011101': 34, '011110': 46, '011111': 11, '100000': 9, '100001': 56, '100010': 30, '100011': 156, '100100': 81, '100101': 185, '100110': 4056, '100111': 57, '101000': 2, '101001': 74, '101010': 43, '101011': 1, '101100': 40056, '101101': 290, '101110': 4221, '101111': 8, '110000': 1, '110001': 28, '110010': 67, '110011': 4, '110100': 4, '110101': 12, '110110': 25, '110111': 35, '111000': 154, '111001': 27, '111010': 56, '111011': 8, '111100': 106, '111101': 14, '111110': 79, '111111': 2}",0.95710105,20,"['010011', '101100']"
32,5.799393,"[[-0.15337847  0.49689704]
 [-0.2517269   0.2948778 ]
 [-0.2823519   0.2515731 ]
 [-0.3450952   0.20540375]
 [-0.44215807  0.13765378]]","{'000001': 18, '000010': 7, '000011': 1524, '000100': 9, '000101': 6, '000111': 13, '001000': 14, '001010': 4, '001011': 12, '001100': 1511, '001101': 6, '001110': 11, '001111': 3, '010000': 38, '010001': 98, '010010': 1351, '010011': 20174, '010100': 76, '010101': 23, '010110': 7, '010111': 28, '011000': 1292, '011001': 2, '011010': 3057, '011011': 50, '011100': 20390, '011101': 23, '011110': 53, '011111': 1, '100001': 52, '100010': 28, '100011': 20584, '100100': 54, '100101': 3021, '100110': 2, '100111': 1415, '101000': 31, '101001': 5, '101010': 26, '101011': 52, '101100': 20234, '101101': 1392, '101110': 73, '101111': 42, '110000': 5, '110001': 19, '110010': 13, '110011': 1547, '110100': 22, '110101': 1, '110111': 11, '111000': 8, '111010': 9, '111011': 17, '111100': 1517, '111101': 8, '111110': 10, '111111': 1}",0.96656555,9,"['010011', '011100', '100011', '101100']"
33,6.7420297,"[[-0.23513949  0.5783488 ]
 [-0.36482826  0.44441646]
 [-0.2823519   0.2515731 ]
 [-0.3450952   0.20540375]
 [-0.44215807  0.13765378]]","{'000000': 32, '000001': 17, '000010': 6, '000011': 1000, '000100': 65, '000101': 12, '000110': 17, '000111': 41, '001000': 51, '001001': 242, '001010': 238, '001011': 44193, '001101': 27, '001110': 30, '001111': 482, '010000': 76, '010001': 14, '010010': 19, '010011': 33, '010100': 2072, '010101': 72, '010110': 69, '010111': 109, '011001': 34, '011010': 31, '011011': 425, '011100': 107, '011101': 84, '011110': 88, '011111': 13, '100000': 14, '100001': 97, '100010': 83, '100011': 111, '100100': 426, '100101': 36, '100110': 36, '101000': 114, '101001': 61, '101010': 72, '101011': 2191, '101100': 34, '101101': 15, '101110': 14, '101111': 66, '110000': 441, '110001': 38, '110010': 29, '110011': 1, '110100': 44747, '110101': 209, '110110': 193, '110111': 51, '111000': 37, '111001': 15, '111010': 11, '111011': 88, '111100': 1030, '111101': 7, '111110': 6, '111111': 28}",0.96314716,16,"['001011', '110100']"
34,6.737654,"[[-0.17486311  0.46903118]
 [-0.3099781   0.3000313 ]
 [-0.2823519   0.2515731 ]
 [-0.3450952   0.20540375]
 [-0.44215807  0.13765378]]","{'000000': 9, '000001': 20, '000010': 92, '000011': 26, '000100': 11, '000101': 45, '000110': 18, '000111': 13, '001000': 3, '001001': 2048, '001010': 18112, '001011': 20259, '001100': 4, '001101': 2157, '001110': 9, '001111': 64, '010001': 8, '010010': 3775, '010011': 56, '010100': 68, '010101': 8, '010110': 2168, '011000': 32, '011001': 56, '011010': 978, '011011': 82, '011100': 14, '011101': 37, '011110': 33, '011111': 14, '100000': 13, '100001': 48, '100010': 28, '100011': 19, '100100': 85, '100101': 998, '100110': 54, '100111': 28, '101000': 5, '101001': 2169, '101010': 9, '101011': 66, '101100': 43, '101101': 3797, '101110': 10, '110000': 57, '110001': 6, '110010': 2133, '110011': 6, '110100': 20245, '110101': 17681, '110110': 2017, '110111': 7, '111000': 7, '111001': 29, '111010': 40, '111011': 13, '111100': 15, '111101': 121, '111110': 19, '111111': 13}",0.9625221,9,"['001010', '001011', '110100', '110101']"
35,7.777581,"[[-0.12636997  0.39313024]
 [-0.26254144  0.21563041]
 [-0.2823519   0.2515731 ]
 [-0.3450952   0.20540375]
 [-0.44215807  0.13765378]]","{'000000': 16, '000001': 20, '000010': 206, '000011': 386, '000100': 23, '000101': 193, '000110': 395, '000111': 706, '001000': 129, '001001': 6, '001010': 31, '001011': 770, '001100': 3, '001101': 8752, '001110': 700, '001111': 383, '010000': 22, '010001': 211, '010010': 396, '010011': 718, '010100': 213, '010101': 236, '010110': 741, '010111': 34, '011000': 5, '011001': 8678, '011010': 713, '011011': 435, '011100': 8800, '011101': 15415, '011110': 430, '011111': 191, '100000': 175, '100001': 417, '100010': 15280, '100011': 8906, '100100': 441, '100101': 723, '100110': 8782, '100111': 2, '101000': 32, '101001': 715, '101010': 251, '101011': 222, '101100': 702, '101101': 417, '101110': 200, '101111': 24, '110000': 405, '110001': 736, '110010': 8737, '110011': 3, '110100': 715, '110101': 53, '110110': 2, '110111': 159, '111000': 699, '111001': 430, '111010': 185, '111011': 20, '111100': 369, '111101': 185, '111110': 28, '111111': 28}",0.97219765,10,"['001101', '011001', '011100', '011101', '100010', '100011', '100110', '110010']"
36,7.6048803,"[[-0.20801382  0.5270705 ]
 [-0.35223767  0.42468867]
 [-0.2823519   0.2515731 ]
 [-0.3450952   0.20540375]
 [-0.44215807  0.13765378]]","{'000000': 57, '000001': 44, '000010': 107, '000011': 65, '000100': 60, '000101': 92, '000110': 523, '000111': 180, '001000': 6, '001001': 741, '001010': 37, '001011': 6, '001100': 29, '001101': 174, '001110': 845, '001111': 84, '010000': 39, '010001': 1336, '010010': 85, '010011': 49, '010100': 97, '010101': 845, '010110': 167, '010111': 37, '011000': 753, '011001': 42362, '011010': 6, '011011': 318, '011100': 179, '011101': 580, '011110': 101, '011111': 52, '100000': 65, '100001': 86, '100010': 505, '100011': 160, '100100': 314, '100110': 42330, '100111': 664, '101000': 39, '101001': 174, '101010': 837, '101011': 91, '101100': 41, '101101': 104, '101110': 1344, '101111': 38, '110000': 90, '110001': 872, '110010': 175, '110011': 39, '110100': 6, '110101': 54, '110110': 740, '110111': 5, '111000': 173, '111001': 524, '111010': 112, '111011': 49, '111100': 93, '111101': 146, '111110': 30, '111111': 44}",0.95061004,14,"['011001', '100110']"
37,7.5625286,"[[-0.1698834   0.47591072]
 [-0.32611677  0.3469122 ]
 [-0.2823519   0.2515731 ]
 [-0.3450952   0.20540375]
 [-0.44215807  0.13765378]]","{'000000': 34, '000001': 37, '000010': 6, '000011': 7337, '000100': 13, '000101': 76, '000110': 139, '000111': 3520, '001000': 19, '001001': 68, '001010': 118, '001011': 3535, '001100': 53, '001101': 44, '001110': 544, '001111': 30, '010000': 171, '010001': 101, '010010': 28, '010011': 7, '010100': 1, '010101': 111, '010110': 230, '010111': 48, '011000': 3, '011001': 96, '011010': 229, '011011': 43, '011100': 32942, '011101': 210, '011110': 201, '100000': 1, '100001': 167, '100010': 208, '100011': 33248, '100100': 42, '100101': 192, '100110': 104, '100111': 4, '101000': 43, '101001': 240, '101010': 117, '101011': 2, '101100': 8, '101101': 30, '101110': 102, '101111': 148, '110000': 30, '110001': 512, '110010': 62, '110011': 57, '110100': 3541, '110101': 136, '110110': 80, '110111': 17, '111000': 3502, '111001': 149, '111010': 65, '111011': 16, '111100': 7114, '111101': 3, '111110': 32, '111111': 34}",0.9453161,9,"['011100', '100011']"
38,6.876198,"[[-0.14799835  0.44926307]
 [-0.2646071   0.28318688]
 [-0.2823519   0.2515731 ]
 [-0.3450952   0.20540375]
 [-0.44215807  0.13765378]]","{'000000': 15, '000001': 16, '000010': 216, '000011': 61, '000100': 11, '000101': 548, '000110': 9339, '000111': 8375, '001000': 16, '001001': 2, '001010': 48, '001011': 121, '001100': 16, '001101': 550, '001110': 60, '001111': 131, '010000': 7, '010001': 9, '010010': 9405, '010011': 76, '010100': 123, '010101': 472, '010110': 9509, '010111': 131, '011000': 561, '011001': 565, '011010': 8428, '011011': 140, '011100': 475, '011101': 386, '011110': 104, '011111': 5, '100000': 5, '100001': 156, '100010': 347, '100011': 473, '100100': 122, '100101': 8460, '100110': 516, '100111': 577, '101000': 118, '101001': 9589, '101010': 437, '101011': 137, '101100': 72, '101101': 9302, '101110': 5, '101111': 6, '110000': 134, '110001': 67, '110010': 503, '110011': 12, '110100': 114, '110101': 39, '110110': 2, '110111': 14, '111000': 8460, '111001': 9552, '111010': 564, '111011': 15, '111100': 43, '111101': 203, '111110': 22, '111111': 13}",0.982314,8,"['000110', '000111', '010010', '010110', '011010', '100101', '101001', '101101', '111000', '111001']"
39,8.622477,"[[-0.19037892  0.5084261 ]
 [-0.3334895   0.4293077 ]
 [-0.2823519   0.2515731 ]
 [-0.3450952   0.20540375]
 [-0.44215807  0.13765378]]","{'000000': 153, '000001': 94, '000010': 102, '000011': 489, '000100': 71, '000101': 9, '000110': 5, '000111': 141, '001000': 98, '001001': 473, '001010': 528, '001011': 41154, '001100': 4, '001101': 168, '001110': 151, '001111': 282, '010000': 115, '010001': 32, '010010': 35, '010011': 268, '010100': 312, '010101': 161, '010110': 153, '010111': 3, '011000': 20, '011001': 235, '011010': 234, '011011': 4487, '011100': 145, '011101': 3, '011110': 5, '011111': 91, '100000': 84, '100001': 4, '100010': 3, '100011': 133, '100100': 4609, '100101': 257, '100110': 250, '100111': 29, '101000': 5, '101001': 131, '101010': 151, '101011': 273, '101100': 228, '101101': 39, '101110': 29, '101111': 128, '110000': 252, '110001': 132, '110010': 128, '110011': 4, '110100': 40842, '110101': 453, '110110': 477, '110111': 114, '111000': 149, '111001': 1, '111010': 2, '111011': 90, '111100': 421, '111101': 85, '111110': 101, '111111': 175}",0.95805293,13,"['001011', '110100']"
