,Ground energy,Opt_gamma_beta,Counts,Approx. ratio,Min. key,Last iter.
0,6,"[[-0.14699608  0.47931194]
 [-0.26869956  0.31773633]
 [-0.32907018  0.24787812]
 [-0.49677292  0.15466347]
 [-0.6178676   0.08364647]]","{'000000': 3, '000010': 2, '000011': 1, '000100': 2, '000101': 2, '000110': 1, '000111': 16539, '001000': 2, '001001': 1, '001011': 16467, '001100': 28, '001101': 9, '001110': 7, '001111': 3, '010000': 2, '010001': 3, '010010': 22, '010011': 6, '010100': 1, '010101': 16562, '010110': 7, '010111': 2, '011001': 6, '011010': 8, '011011': 2, '011100': 13, '011101': 1, '011110': 20, '011111': 2, '100000': 1, '100001': 25, '100011': 10, '100100': 1, '100101': 9, '100110': 9, '101000': 3, '101001': 13, '101010': 16825, '101011': 2, '101100': 6, '101101': 37, '101110': 2, '101111': 3, '110000': 5, '110001': 11, '110010': 7, '110011': 22, '110100': 16679, '110101': 3, '110110': 2, '110111': 1, '111000': 16583, '111001': 2, '111010': 3, '111011': 2, '111100': 5, '111101': 2, '111110': 1, '111111': 2}",0.9986515,"['000111', '001011', '010101', '101010', '110100', '111000']",32
1,6,"[[-0.17154367  0.41457888]
 [-0.33519077  0.2782602 ]
 [-0.34908828  0.26684105]
 [-0.45431468  0.25422394]
 [-0.49170202  0.19357821]]","{'000000': 50, '000001': 333, '000010': 35, '000011': 208, '000100': 48, '000101': 205, '000110': 18, '000111': 767, '001000': 31, '001001': 474, '001010': 254, '001011': 751, '001100': 51, '001101': 38, '001110': 356, '001111': 64, '010000': 7, '010001': 2597, '010010': 3, '010011': 2630, '010100': 2, '010101': 2554, '010110': 33954, '010111': 2185, '011000': 72, '011001': 353, '011010': 827, '011011': 239, '011100': 26, '011101': 59, '011110': 444, '011111': 31, '100000': 48, '100001': 448, '100010': 55, '100011': 31, '100100': 246, '100101': 779, '100110': 340, '100111': 72, '101000': 2087, '101001': 34699, '101010': 2613, '101011': 4, '101100': 2551, '101101': 4, '101110': 2565, '101111': 4, '110000': 71, '110001': 364, '110010': 32, '110011': 47, '110100': 766, '110101': 246, '110110': 460, '110111': 47, '111000': 874, '111001': 15, '111010': 188, '111011': 40, '111100': 199, '111101': 37, '111110': 352, '111111': 50}",0.942932,"['010110', '101001']",18
2,5,"[[-0.19063208  0.55377626]
 [-0.3748465   0.43286255]
 [-0.42788145  0.3550323 ]
 [-0.4710456   0.2612303 ]
 [-0.49705535  0.14156993]]","{'000000': 33, '000001': 43, '000010': 4, '000011': 24572, '000100': 3, '000101': 3, '000110': 970, '000111': 333, '001000': 22, '001001': 18, '001010': 52, '001011': 46, '001100': 394, '001101': 4, '001110': 1056, '001111': 4, '010000': 7, '010001': 3, '010010': 8, '010011': 714, '010100': 48, '010101': 137, '010110': 40, '010111': 87, '011000': 43, '011001': 3, '011010': 5, '011011': 4, '011100': 21336, '011101': 118, '011110': 58, '011111': 10, '100000': 4, '100001': 41, '100010': 97, '100011': 21215, '100100': 7, '100101': 6, '100110': 4, '100111': 59, '101000': 80, '101001': 35, '101010': 124, '101011': 47, '101100': 675, '101101': 4, '101110': 2, '101111': 7, '110000': 11, '110001': 1113, '110010': 4, '110011': 393, '110100': 52, '110101': 40, '110110': 13, '110111': 15, '111000': 354, '111001': 953, '111011': 5, '111100': 24384, '111101': 3, '111110': 40, '111111': 35}",0.98196846,"['000011', '011100', '100011', '111100']",33
3,7,"[[-0.12460336  0.3662341 ]
 [-0.3209265   0.23494971]
 [-0.36601216  0.19736518]
 [-0.34503382  0.21277344]
 [-0.4775332   0.15487084]]","{'000000': 150, '000001': 41, '000010': 52, '000011': 295, '000100': 39, '000101': 342, '000110': 266, '000111': 192, '001000': 118, '001001': 231, '001010': 254, '001011': 366, '001100': 243, '001101': 380, '001110': 322, '001111': 83, '010000': 50, '010001': 14, '010010': 14, '010011': 8147, '010100': 11, '010101': 8430, '010110': 8322, '010111': 19324, '011000': 71, '011001': 391, '011010': 362, '011011': 268, '011100': 360, '011101': 246, '011110': 267, '011111': 108, '100000': 93, '100001': 255, '100010': 263, '100011': 347, '100100': 235, '100101': 379, '100110': 394, '100111': 82, '101000': 19251, '101001': 8487, '101010': 8381, '101011': 23, '101100': 8442, '101101': 13, '101110': 21, '101111': 55, '110000': 81, '110001': 361, '110010': 399, '110011': 244, '110100': 365, '110101': 275, '110110': 253, '110111': 131, '111000': 195, '111001': 305, '111010': 301, '111011': 46, '111100': 323, '111101': 51, '111110': 46, '111111': 144}",0.97731316,"['010011', '010101', '010110', '010111', '101000', '101001', '101010', '101100']",17
4,5,"[[-0.17024133  0.52758485]
 [-0.35662025  0.34307232]
 [-0.39716047  0.25044376]
 [-0.5111834   0.19303693]
 [-0.6079877   0.09968383]]","{'000000': 13, '000001': 6, '000010': 8, '000011': 143, '000100': 8, '000101': 124, '000110': 14546, '000111': 10734, '001000': 4, '001001': 43, '001010': 23, '001011': 14, '001100': 2, '001101': 12039, '001110': 28, '001111': 228, '010000': 16, '010001': 1, '010010': 57, '010011': 395, '010100': 2, '010101': 4, '010110': 11639, '010111': 10, '011000': 5, '011001': 3, '011010': 3, '011011': 21, '011100': 3, '011101': 13, '011110': 5, '100000': 1, '100001': 7, '100010': 10, '100011': 7, '100100': 22, '100101': 3, '100110': 2, '100111': 3, '101000': 22, '101001': 11462, '101011': 2, '101100': 366, '101101': 56, '101110': 10, '101111': 10, '110000': 217, '110001': 26, '110010': 12102, '110011': 1, '110100': 12, '110101': 20, '110110': 36, '110111': 2, '111000': 10752, '111001': 14399, '111010': 135, '111011': 2, '111100': 141, '111101': 3, '111110': 10, '111111': 19}",0.9950296,"['000110', '000111', '001101', '010110', '101001', '110010', '111000', '111001']",59
5,8,"[[-0.1750931   0.40205896]
 [-0.39939204  0.2760498 ]
 [-0.42461962  0.2944373 ]
 [-0.3865829   0.25967333]
 [-0.46064517  0.18768391]]","{'000000': 138, '000001': 14, '000010': 29, '000011': 279, '000100': 40, '000101': 10, '000110': 63, '000111': 701, '001000': 24, '001001': 266, '001010': 1304, '001011': 730, '001100': 56, '001101': 739, '001110': 1120, '001111': 300, '010000': 18, '010001': 289, '010010': 1295, '010011': 661, '010100': 89, '010101': 655, '010110': 1135, '010111': 253, '011000': 1244, '011001': 645, '011010': 36753, '011011': 16, '011100': 1074, '011101': 280, '011110': 3, '011111': 13, '100000': 20, '100001': 10, '100010': 255, '100011': 1141, '100100': 10, '100101': 36210, '100110': 711, '100111': 1288, '101000': 288, '101001': 1113, '101010': 690, '101011': 80, '101100': 691, '101101': 1258, '101110': 311, '101111': 24, '110000': 281, '110001': 1122, '110010': 691, '110011': 83, '110100': 685, '110101': 1209, '110110': 264, '110111': 38, '111000': 710, '111001': 68, '111010': 8, '111011': 35, '111100': 290, '111101': 28, '111110': 16, '111111': 136}",0.95370793,"['011010', '100101']",37
6,8,"[[-0.1252522   0.5046193 ]
 [-0.26060197  0.39243084]
 [-0.26380262  0.3926243 ]
 [-0.28991407  0.30827212]
 [-0.3622131   0.16688453]]","{'000000': 4, '000001': 1, '000010': 3, '000011': 5, '000100': 1, '000101': 5, '000110': 2, '000111': 10, '001000': 1, '001001': 3, '001010': 40, '001011': 16, '001100': 1, '001101': 11, '001110': 12, '001111': 3, '010000': 2, '010001': 11, '010010': 1, '010011': 10, '010100': 7, '010101': 49648, '010110': 11, '010111': 23, '011000': 1, '011001': 7, '011010': 12, '011011': 5, '011100': 14, '011101': 18, '011110': 6, '100001': 7, '100010': 9, '100011': 14, '100100': 1, '100101': 18, '100110': 8, '100111': 2, '101000': 18, '101001': 12, '101010': 49857, '101011': 7, '101100': 12, '101101': 4, '101110': 8, '110000': 4, '110001': 13, '110010': 10, '110011': 6, '110100': 14, '110101': 37, '110110': 1, '110111': 1, '111000': 18, '111001': 4, '111010': 13, '111011': 1, '111100': 1, '111101': 2, '111111': 4}",0.9982582,"['010101', '101010']",61
7,7,"[[-0.16953044  0.40743455]
 [-0.36879203  0.3229229 ]
 [-0.3654632   0.38514563]
 [-0.32343683  0.32881334]
 [-0.4305452   0.24930096]]","{'000000': 197, '000001': 10, '000010': 54, '000011': 29, '000100': 48, '000101': 31, '000110': 87, '000111': 113, '001000': 8, '001001': 3, '001010': 27, '001011': 98, '001100': 17, '001101': 89, '001110': 115, '001111': 2, '010000': 11, '010001': 3, '010010': 33, '010011': 81, '010100': 23, '010101': 91, '010110': 117, '010111': 3, '011000': 4, '011001': 110, '011010': 8, '011011': 30, '011100': 48701, '011101': 20, '011110': 11, '011111': 4, '100000': 13, '100001': 7, '100010': 22, '100011': 48331, '100100': 21, '100101': 5, '100110': 113, '100111': 10, '101000': 1, '101001': 128, '101010': 85, '101011': 19, '101100': 99, '101101': 24, '101110': 3, '101111': 11, '110000': 2, '110001': 112, '110010': 69, '110011': 24, '110100': 73, '110101': 25, '110110': 5, '110111': 10, '111000': 101, '111001': 93, '111010': 31, '111011': 49, '111100': 30, '111101': 73, '111110': 12, '111111': 221}",0.9872027,"['011100', '100011']",26
8,6,"[[-0.18421657  0.5374505 ]
 [-0.3704355   0.36613232]
 [-0.40472293  0.2569908 ]
 [-0.47384843  0.22434454]
 [-0.5895799   0.14152065]]","{'000000': 47, '000001': 28, '000010': 7, '000011': 4, '000100': 1, '000101': 9, '000110': 656, '000111': 1010, '001000': 4, '001001': 2, '001010': 10, '001011': 377, '001100': 42, '001101': 8, '001111': 141, '010001': 19, '010010': 35, '010011': 4, '010100': 479, '010101': 2, '010110': 21832, '010111': 4, '011000': 682, '011001': 1018, '011010': 1, '011011': 119, '011100': 21980, '011101': 6, '011110': 1282, '011111': 4, '100000': 5, '100001': 1220, '100010': 5, '100011': 22227, '100100': 152, '100101': 2, '100110': 1043, '100111': 702, '101000': 6, '101001': 21929, '101010': 2, '101011': 420, '101100': 9, '101101': 47, '101110': 10, '101111': 3, '110000': 136, '110010': 4, '110011': 50, '110100': 335, '110101': 7, '110110': 5, '110111': 5, '111000': 1056, '111001': 716, '111010': 9, '111011': 4, '111100': 6, '111101': 9, '111110': 28, '111111': 35}",0.97954214,"['010110', '011100', '100011', '101001']",38
9,7,"[[-0.16953045  0.40743455]
 [-0.36879203  0.3229229 ]
 [-0.3654632   0.38514563]
 [-0.32343686  0.32881334]
 [-0.4305452   0.24930097]]","{'000000': 223, '000001': 40, '000010': 5, '000011': 22, '000100': 64, '000101': 92, '000110': 26, '000111': 102, '001000': 15, '001001': 28, '001010': 2, '001011': 87, '001100': 21, '001101': 118, '001110': 92, '001111': 3, '010000': 11, '010001': 28, '010010': 7, '010011': 48602, '010100': 24, '010101': 110, '010110': 7, '010111': 5, '011000': 8, '011001': 80, '011010': 125, '011011': 16, '011100': 93, '011101': 3, '011110': 31, '011111': 11, '100000': 13, '100001': 35, '100010': 5, '100011': 85, '100100': 20, '100101': 131, '100110': 83, '100111': 3, '101000': 5, '101001': 4, '101010': 113, '101011': 26, '101100': 48421, '101101': 7, '101110': 20, '101111': 9, '110000': 3, '110001': 79, '110010': 101, '110011': 26, '110100': 90, '110101': 4, '110110': 22, '110111': 18, '111000': 108, '111001': 32, '111010': 79, '111011': 69, '111100': 20, '111101': 16, '111110': 61, '111111': 191}",0.9872027,"['010011', '101100']",26
10,7,"[[-0.1489304   0.54332364]
 [-0.30364653  0.4509488 ]
 [-0.34989297  0.41289407]
 [-0.39225218  0.3410874 ]
 [-0.4525384   0.1650478 ]]","{'000000': 32, '000010': 19, '000011': 5, '000100': 1, '000110': 57, '000111': 3, '001000': 12, '001001': 35, '001010': 2, '001011': 46, '001100': 10, '001101': 41, '001110': 20, '001111': 2, '010000': 29, '010001': 165, '010010': 2267, '010011': 46754, '010100': 3, '010101': 18, '010110': 34, '010111': 8, '011000': 1, '011001': 275, '011010': 5, '011011': 45, '011100': 1, '011101': 46, '011110': 1, '011111': 1, '100001': 2, '100010': 54, '100011': 2, '100100': 36, '100101': 11, '100110': 309, '101000': 7, '101001': 32, '101010': 31, '101011': 4, '101100': 46741, '101101': 2325, '101110': 167, '101111': 32, '110000': 6, '110001': 26, '110010': 30, '110011': 9, '110100': 56, '110101': 3, '110110': 34, '110111': 16, '111000': 2, '111001': 60, '111100': 11, '111101': 26, '111111': 30}",0.98793817,"['010011', '101100']",58
11,7,"[[-0.17421257  0.49828365]
 [-0.3352487   0.38206208]
 [-0.34444547  0.33673546]
 [-0.38867885  0.29120138]
 [-0.4804806   0.18259583]]","{'000000': 141, '000001': 35, '000011': 289, '000100': 12, '000101': 27, '000110': 25, '000111': 25, '001000': 18, '001001': 28, '001010': 25, '001011': 33, '001100': 116, '001101': 187, '001110': 57, '001111': 2, '010000': 75, '010001': 5486, '010010': 219, '010011': 38283, '010100': 34, '010101': 2138, '010110': 19, '010111': 138, '011000': 48, '011001': 2142, '011010': 21, '011011': 139, '011100': 110, '011101': 6, '011110': 28, '011111': 44, '100000': 37, '100001': 21, '100010': 1, '100011': 96, '100100': 123, '100101': 16, '100110': 2110, '100111': 49, '101000': 145, '101001': 14, '101010': 2115, '101011': 56, '101100': 38380, '101101': 208, '101110': 5561, '101111': 78, '110000': 2, '110001': 51, '110010': 195, '110011': 133, '110100': 33, '110101': 23, '110110': 33, '110111': 13, '111000': 20, '111001': 22, '111010': 31, '111011': 12, '111100': 297, '111101': 2, '111110': 39, '111111': 134}",0.961234,"['010011', '101100']",18
12,5,"[[-0.26520273  0.5382288 ]
 [-0.51367074  0.43102354]
 [-0.5915907   0.3759468 ]
 [-0.5712829   0.35699397]
 [-0.63929284  0.21179263]]","{'000000': 35, '000001': 20, '000010': 194, '000011': 607, '000100': 21, '000101': 78, '000110': 57, '000111': 29, '001000': 31, '001001': 1629, '001010': 53, '001011': 1391, '001100': 57, '001101': 665, '001110': 202, '001111': 1, '010000': 23, '010001': 105, '010010': 614, '010011': 39123, '010100': 1599, '010101': 542, '010110': 1369, '010111': 29, '011000': 109, '011001': 570, '011010': 20, '011011': 35, '011100': 705, '011101': 266, '011110': 4, '011111': 82, '100000': 71, '100001': 1, '100010': 236, '100011': 643, '100100': 19, '100101': 29, '100110': 510, '100111': 88, '101000': 34, '101001': 1344, '101010': 512, '101011': 1527, '101100': 38847, '101101': 620, '101110': 102, '101111': 20, '110000': 3, '110001': 209, '110010': 702, '110011': 65, '110100': 1399, '110101': 50, '110110': 1555, '110111': 32, '111000': 27, '111001': 46, '111010': 87, '111011': 26, '111100': 671, '111101': 213, '111110': 24, '111111': 23}",0.94886947,"['010011', '101100']",54
13,5,"[[-0.2236556   0.5272544 ]
 [-0.41826156  0.39318407]
 [-0.4300661   0.29604337]
 [-0.491734    0.27771828]
 [-0.56984985  0.19177954]]","{'000000': 87, '000001': 41, '000010': 7, '000011': 159, '000100': 65, '000101': 48, '000110': 3, '000111': 13, '001000': 149, '001001': 2098, '001010': 745, '001011': 106, '001100': 485, '001101': 48, '001110': 40570, '001111': 161, '010000': 11, '010001': 109, '010010': 346, '010011': 931, '010100': 8, '010101': 1, '010110': 2285, '010111': 38, '011000': 20, '011001': 147, '011010': 44, '011011': 4, '011100': 87, '011101': 44, '011110': 1203, '011111': 25, '100000': 21, '100001': 1156, '100010': 44, '100011': 103, '100100': 7, '100101': 35, '100110': 141, '100111': 15, '101000': 28, '101001': 2330, '101010': 1, '101011': 10, '101100': 942, '101101': 325, '101110': 93, '101111': 15, '110000': 162, '110001': 40413, '110010': 45, '110011': 464, '110100': 138, '110101': 732, '110110': 2120, '110111': 137, '111000': 6, '111001': 8, '111010': 64, '111011': 62, '111100': 173, '111101': 3, '111110': 53, '111111': 66}",0.9585154,"['001110', '110001']",25
14,7,"[[-0.18082958  0.45021114]
 [-0.35111666  0.3106861 ]
 [-0.38126394  0.27129722]
 [-0.4925165   0.24233097]
 [-0.55781543  0.15174508]]","{'000000': 278, '000001': 14, '000010': 155, '000011': 52, '000100': 16, '000101': 21, '000110': 34, '000111': 28284, '001000': 30, '001001': 272, '001010': 12, '001011': 7, '001100': 283, '001101': 498, '001110': 7, '001111': 57, '010000': 334, '010001': 10, '010010': 4, '010011': 1446, '010100': 8, '010101': 14, '010110': 1385, '010111': 1356, '011000': 2431, '011001': 1643, '011010': 4484, '011011': 2550, '011100': 1626, '011101': 131, '011110': 2539, '011111': 44, '100000': 49, '100001': 2497, '100010': 127, '100011': 1612, '100100': 2546, '100101': 4388, '100110': 1625, '100111': 2595, '101000': 1445, '101001': 1342, '101010': 11, '101011': 6, '101100': 1344, '101101': 8, '101110': 6, '101111': 380, '110000': 71, '110001': 7, '110010': 500, '110011': 247, '110100': 8, '110101': 24, '110110': 256, '110111': 33, '111000': 28233, '111001': 46, '111010': 18, '111011': 22, '111100': 39, '111101': 152, '111110': 15, '111111': 323}",0.9301982,"['000111', '111000']",55
15,5,"[[-0.15040575  0.4480674 ]
 [-0.24649674  0.2479961 ]
 [-0.30895004  0.23789838]
 [-0.456716    0.19508004]
 [-0.535959    0.09454004]]","{'000000': 6, '000010': 1, '000011': 7898, '000101': 6, '000110': 19, '000111': 67, '001001': 1, '001010': 72, '001011': 11098, '001100': 2, '001101': 3, '001110': 5, '010001': 18, '010010': 4, '010011': 82, '010100': 8049, '010101': 74, '010110': 79, '010111': 11, '011000': 58, '011001': 6, '011010': 10962, '011011': 74, '011100': 11162, '011110': 74, '100000': 1, '100001': 65, '100011': 11363, '100100': 87, '100101': 11007, '100110': 7, '100111': 80, '101000': 10, '101001': 67, '101010': 82, '101011': 7979, '101100': 88, '101101': 3, '101110': 11, '110001': 6, '110010': 1, '110011': 1, '110100': 11138, '110101': 73, '111000': 69, '111001': 22, '111010': 4, '111011': 1, '111100': 8002, '111110': 1, '111111': 1}",0.9973908,"['000011', '001011', '010100', '011010', '011100', '100011', '100101', '101011', '110100', '111100']",25
16,7,"[[-0.16847584  0.4915176 ]
 [-0.33603352  0.3835375 ]
 [-0.37038288  0.3641329 ]
 [-0.44647926  0.3009228 ]
 [-0.50967413  0.15240791]]","{'000000': 274, '000010': 11, '000011': 86, '000101': 2, '000110': 81, '000111': 41968, '001000': 79, '001001': 8, '001010': 15, '001011': 15, '001100': 5, '001101': 76, '001110': 15, '001111': 149, '010000': 46, '010001': 109, '010010': 43, '010011': 55, '010100': 112, '010101': 3321, '010110': 58, '010111': 2704, '011000': 336, '011001': 43, '011010': 216, '011011': 1, '011100': 32, '011110': 6, '011111': 7, '100000': 16, '100001': 4, '100011': 52, '100100': 6, '100101': 208, '100110': 36, '100111': 368, '101000': 2674, '101001': 56, '101010': 3400, '101011': 128, '101100': 50, '101101': 72, '101110': 117, '101111': 52, '110000': 184, '110001': 22, '110010': 71, '110011': 4, '110100': 22, '110101': 6, '110110': 5, '110111': 95, '111000': 41973, '111001': 112, '111100': 86, '111101': 15, '111111': 293}",0.96903837,"['000111', '111000']",63
17,8,"[[-0.16168392  0.36030662]
 [-0.2915594   0.22041419]
 [-0.2480474   0.27537197]
 [-0.33840337  0.37414223]
 [-0.46825796  0.22426815]]","{'000000': 6, '000001': 1, '000011': 258, '000100': 3, '000101': 260, '000110': 260, '000111': 48595, '001001': 14, '001010': 9, '001011': 49, '001100': 21, '001101': 56, '001110': 56, '010000': 1, '010001': 17, '010010': 11, '010011': 53, '010100': 9, '010101': 52, '010110': 49, '010111': 4, '011000': 5, '011001': 50, '011010': 54, '011011': 10, '011100': 56, '011101': 14, '011110': 15, '011111': 1, '100000': 1, '100001': 12, '100010': 10, '100011': 64, '100100': 12, '100101': 42, '100110': 41, '100111': 2, '101000': 5, '101001': 56, '101010': 54, '101011': 11, '101100': 62, '101101': 14, '101110': 12, '101111': 1, '110000': 4, '110001': 47, '110010': 43, '110011': 11, '110100': 48, '110101': 14, '110110': 12, '111000': 48616, '111001': 267, '111010': 267, '111011': 1, '111100': 269, '111101': 2, '111110': 1, '111111': 10}",0.99507374,"['000111', '111000']",51
18,4,"[[-0.19565262  0.58260256]
 [-0.41155365  0.40900654]
 [-0.4748604   0.31320095]
 [-0.53903216  0.2417304 ]
 [-0.5589163   0.12396219]]","{'000000': 7, '000001': 15, '000010': 3, '000011': 12573, '000100': 11, '000101': 369, '000110': 4, '000111': 31, '001000': 7, '001001': 12711, '001011': 23891, '001100': 5, '001101': 39, '001110': 9, '001111': 4, '010000': 4, '010001': 1, '010010': 4, '010011': 11, '010100': 68, '010101': 18, '010110': 10, '010111': 7, '011000': 12, '011001': 14, '011010': 25, '011011': 65, '011100': 14, '011101': 12, '011111': 3, '100000': 5, '100001': 1, '100010': 13, '100011': 14, '100100': 65, '100101': 19, '100110': 13, '100111': 8, '101000': 8, '101001': 6, '101010': 19, '101011': 59, '101100': 15, '101101': 11, '101111': 5, '110000': 2, '110001': 12, '110010': 20, '110011': 4, '110100': 23934, '110110': 12659, '110111': 8, '111000': 37, '111001': 3, '111010': 408, '111011': 15, '111100': 12652, '111101': 8, '111110': 16, '111111': 14}",0.9958502,"['000011', '001001', '001011', '110100', '110110', '111100']",118
19,7,"[[-0.15351637  0.463763  ]
 [-0.30891654  0.32873607]
 [-0.32082665  0.26795813]
 [-0.37312192  0.29590687]
 [-0.3741919   0.18435569]]","{'000000': 25, '000001': 3, '000010': 7, '000011': 48087, '000100': 9, '000101': 13, '000110': 15, '000111': 260, '001000': 7, '001001': 13, '001010': 19, '001011': 263, '001100': 7, '001101': 4, '001110': 4, '001111': 2, '010000': 1, '010001': 21, '010010': 11, '010011': 298, '010100': 19, '010101': 197, '010110': 182, '010111': 18, '011000': 17, '011001': 169, '011010': 160, '011011': 18, '011100': 282, '011101': 12, '011110': 21, '011111': 9, '100000': 4, '100001': 14, '100010': 12, '100011': 280, '100100': 21, '100101': 176, '100110': 208, '100111': 12, '101000': 14, '101001': 180, '101010': 217, '101011': 28, '101100': 278, '101101': 23, '101110': 17, '101111': 1, '110000': 5, '110001': 6, '110010': 4, '110011': 13, '110100': 266, '110101': 14, '110110': 9, '110111': 6, '111000': 243, '111001': 21, '111010': 17, '111011': 8, '111100': 47700, '111101': 2, '111110': 4, '111111': 24}",0.991263,"['000011', '111100']",29
20,5,"[[-0.20805082  0.5306461 ]
 [-0.4167194   0.38739505]
 [-0.4440061   0.30442902]
 [-0.46536276  0.26180443]
 [-0.59421736  0.16462472]]","{'000000': 31, '000010': 85, '000011': 13, '000101': 50, '000110': 15, '000111': 2109, '001000': 139, '001001': 127, '001010': 1608, '001011': 2853, '001100': 110, '001101': 80, '001110': 2844, '001111': 3473, '010000': 14, '010001': 54, '010010': 120, '010011': 1, '010100': 44, '010101': 35203, '010110': 2, '010111': 624, '011000': 66, '011001': 106, '011010': 11, '011011': 16, '011100': 114, '011101': 54, '011110': 18, '011111': 46, '100000': 57, '100001': 23, '100010': 48, '100011': 109, '100100': 28, '100101': 8, '100110': 119, '100111': 69, '101000': 578, '101001': 2, '101010': 35283, '101011': 39, '101100': 1, '101101': 126, '101110': 58, '101111': 10, '110000': 3470, '110001': 2786, '110010': 65, '110011': 130, '110100': 2739, '110101': 1635, '110110': 134, '110111': 152, '111000': 2104, '111001': 15, '111010': 54, '111011': 2, '111100': 12, '111101': 87, '111110': 1, '111111': 26}",0.943614,"['010101', '101010']",24
21,7,"[[-0.12208215  0.46934068]
 [-0.273288    0.32753024]
 [-0.29781684  0.30542606]
 [-0.33704138  0.21405129]
 [-0.39444554  0.09189837]]","{'000000': 25, '000001': 5, '000010': 5, '000011': 26214, '000100': 1, '000111': 7809, '001001': 1, '001010': 1, '001011': 7871, '001100': 15, '001101': 22, '001110': 20, '001111': 6, '010000': 1, '010001': 1, '010010': 1, '010011': 7921, '010100': 13, '010101': 23, '010110': 18, '010111': 7, '011000': 15, '011001': 16, '011010': 20, '011011': 5, '011100': 83, '011101': 1, '011111': 7, '100000': 7, '100001': 1, '100010': 2, '100011': 93, '100100': 5, '100101': 10, '100110': 20, '100111': 14, '101000': 11, '101001': 18, '101010': 22, '101011': 12, '101100': 7936, '101110': 1, '110000': 9, '110001': 16, '110010': 18, '110011': 23, '110100': 7739, '110110': 2, '111000': 7862, '111010': 1, '111011': 1, '111100': 26021, '111101': 5, '111110': 5, '111111': 19}",0.99790835,"['000011', '000111', '001011', '010011', '101100', '110100', '111000', '111100']",18
22,6,"[[-0.19616295  0.55797744]
 [-0.40558228  0.4761987 ]
 [-0.47685575  0.3913099 ]
 [-0.51984113  0.33957422]
 [-0.5370158   0.19391881]]","{'000000': 12, '000001': 11, '000011': 356, '000100': 3, '000101': 2, '000110': 39, '000111': 837, '001001': 21, '001010': 13, '001011': 9, '001100': 32, '001101': 4, '001110': 39, '001111': 11, '010000': 35, '010001': 16, '010010': 696, '010011': 918, '010100': 14, '010101': 5, '010110': 326, '010111': 337, '011000': 691, '011001': 2, '011010': 45189, '011100': 305, '011101': 25, '011110': 4, '011111': 16, '100000': 13, '100001': 8, '100010': 32, '100011': 312, '100100': 2, '100101': 45166, '100110': 7, '100111': 659, '101000': 338, '101001': 303, '101010': 8, '101011': 22, '101100': 923, '101101': 751, '101110': 8, '101111': 41, '110000': 16, '110001': 28, '110010': 8, '110011': 36, '110100': 4, '110101': 16, '110110': 27, '111000': 929, '111001': 26, '111010': 1, '111011': 4, '111100': 308, '111110': 13, '111111': 23}",0.98000187,"['011010', '100101']",39
23,5,"[[-0.17009722  0.554681  ]
 [-0.372079    0.3954563 ]
 [-0.4543018   0.30607247]
 [-0.48911318  0.23783305]
 [-0.5152207   0.1277941 ]]","{'000000': 69, '000001': 13, '000010': 8, '000011': 77, '000100': 12, '000101': 15556, '000110': 81, '000111': 5361, '001000': 7, '001010': 9585, '001011': 54, '001101': 5, '001110': 59, '001111': 20, '010001': 2, '010010': 12, '010011': 115, '010100': 21, '010101': 9635, '010110': 3, '010111': 7, '011000': 6, '011001': 105, '011010': 9564, '011011': 5, '011101': 23, '011110': 13, '011111': 1, '100000': 2, '100001': 12, '100010': 22, '100011': 6, '100100': 4, '100101': 9492, '100110': 116, '100111': 6, '101000': 13, '101001': 6, '101010': 9384, '101011': 17, '101100': 105, '101101': 18, '101110': 4, '101111': 1, '110000': 24, '110001': 59, '110010': 7, '110100': 49, '110101': 9579, '110110': 1, '110111': 22, '111000': 5073, '111001': 66, '111010': 15326, '111011': 13, '111100': 69, '111101': 10, '111110': 12, '111111': 63}",0.9956649,"['000101', '000111', '001010', '010101', '011010', '100101', '101010', '110101', '111000', '111010']",62
24,8,"[[-0.09169628  0.3315777 ]
 [-0.2090912   0.23631656]
 [-0.3751295   0.20500632]
 [-0.4464513   0.16931272]
 [-0.5224207   0.12967944]]","{'000000': 23, '000001': 12, '000010': 17, '000011': 130, '000100': 39, '000101': 10, '000110': 7, '000111': 475, '001000': 52, '001001': 4, '001010': 14, '001011': 432, '001100': 3185, '001101': 10648, '001110': 10731, '001111': 145, '010000': 12, '010001': 122, '010010': 149, '010011': 10860, '010100': 10, '010101': 419, '010110': 464, '010111': 11, '011000': 11, '011001': 437, '011010': 455, '011011': 11, '011100': 10737, '011101': 118, '011110': 118, '011111': 13, '100000': 18, '100001': 136, '100010': 145, '100011': 10778, '100100': 13, '100101': 478, '100110': 447, '100111': 9, '101000': 10, '101001': 459, '101010': 442, '101011': 16, '101100': 10655, '101101': 114, '101110': 126, '101111': 12, '110000': 142, '110001': 10935, '110010': 10684, '110011': 3262, '110100': 500, '110101': 10, '110110': 11, '110111': 37, '111000': 456, '111001': 8, '111010': 13, '111011': 32, '111100': 131, '111101': 15, '111110': 16, '111111': 19}",0.9831442,"['001101', '001110', '010011', '011100', '100011', '101100', '110001', '110010']",17
25,7,"[[-0.1808296   0.4502111 ]
 [-0.3511167   0.3106861 ]
 [-0.38126394  0.27129725]
 [-0.4925165   0.24233098]
 [-0.55781543  0.15174508]]","{'000000': 325, '000001': 15, '000010': 130, '000011': 40, '000100': 357, '000101': 8, '000110': 4, '000111': 1344, '001000': 58, '001001': 2628, '001010': 88, '001011': 1563, '001100': 80, '001101': 6, '001110': 464, '001111': 279, '010000': 21, '010001': 17, '010010': 42, '010011': 28340, '010100': 7, '010101': 13, '010110': 1283, '010111': 1420, '011000': 2452, '011001': 4419, '011010': 1628, '011011': 2523, '011100': 4, '011101': 14, '011110': 280, '011111': 32, '100000': 33, '100001': 238, '100010': 14, '100011': 11, '100100': 2594, '100101': 1595, '100110': 4453, '100111': 2548, '101000': 1484, '101001': 1328, '101010': 7, '101011': 9, '101100': 28404, '101101': 37, '101110': 17, '101111': 23, '110000': 255, '110001': 470, '110010': 9, '110011': 72, '110100': 1583, '110101': 148, '110110': 2456, '110111': 40, '111000': 1415, '111001': 5, '111010': 11, '111011': 360, '111100': 49, '111101': 136, '111110': 16, '111111': 296}",0.93019825,"['010011', '101100']",55
26,6,"[[-0.14392784  0.47780976]
 [-0.31576678  0.2936682 ]
 [-0.38908067  0.21104093]
 [-0.50612414  0.16732255]
 [-0.61124164  0.10873321]]","{'000000': 149, '000001': 5, '000010': 66, '000011': 19, '000100': 45, '000101': 80, '000110': 40, '000111': 1, '001000': 4, '001001': 26, '001010': 6, '001011': 184, '001100': 186, '001101': 12286, '001110': 511, '001111': 1, '010001': 18, '010010': 9, '010011': 204, '010100': 197, '010101': 11944, '010110': 456, '010111': 1, '011000': 20, '011001': 12205, '011010': 30, '011011': 10504, '011100': 6, '011101': 579, '011110': 46, '011111': 33, '100000': 30, '100001': 56, '100010': 495, '100011': 7, '100100': 10604, '100101': 24, '100110': 12557, '100111': 9, '101000': 2, '101001': 520, '101010': 12088, '101011': 194, '101100': 163, '101101': 4, '101110': 23, '101111': 1, '110000': 1, '110001': 475, '110010': 12067, '110011': 186, '110100': 184, '110101': 8, '110110': 28, '110111': 1, '111000': 2, '111001': 40, '111010': 80, '111011': 43, '111100': 4, '111101': 76, '111110': 8, '111111': 159}",0.98752636,"['001101', '010101', '011001', '011011', '100100', '100110', '101010', '110010']",55
27,7,"[[-0.1808296   0.4502111 ]
 [-0.3511167   0.3106861 ]
 [-0.38126394  0.27129725]
 [-0.49251652  0.24233097]
 [-0.55781543  0.1517451 ]]","{'000000': 326, '000001': 47, '000010': 164, '000011': 122, '000100': 32, '000101': 1441, '000110': 10, '000111': 10, '001000': 356, '001001': 53, '001010': 7, '001011': 475, '001100': 2540, '001101': 28493, '001110': 4538, '001111': 24, '010000': 22, '010001': 2617, '010010': 47, '010011': 1541, '010100': 243, '010101': 1346, '010110': 8, '010111': 4, '011000': 8, '011001': 16, '011010': 1333, '011011': 264, '011100': 1565, '011101': 42, '011110': 2515, '011111': 18, '100000': 18, '100001': 2532, '100010': 43, '100011': 1614, '100100': 255, '100101': 1374, '100110': 14, '100111': 6, '101000': 10, '101001': 9, '101010': 1329, '101011': 227, '101100': 1620, '101101': 34, '101110': 2562, '101111': 15, '110000': 19, '110001': 4566, '110010': 28017, '110011': 2556, '110100': 470, '110101': 6, '110110': 64, '110111': 341, '111000': 13, '111001': 14, '111010': 1417, '111011': 27, '111100': 112, '111101': 125, '111110': 44, '111111': 320}",0.9301982,"['001101', '110010']",55
28,6,"[[-0.15771447  0.4521796 ]
 [-0.28848258  0.3065448 ]
 [-0.30558178  0.28053558]
 [-0.35841486  0.24249731]
 [-0.46722856  0.15699127]]","{'000000': 27, '000001': 5, '000010': 46, '000011': 46, '000100': 132, '000101': 24, '000110': 59, '000111': 48, '001000': 12, '001001': 85, '001010': 39, '001011': 950, '001100': 17, '001101': 30, '001110': 43, '001111': 74, '010000': 7, '010001': 116, '010010': 1, '010011': 10, '010100': 3442, '010101': 1948, '010110': 29, '011000': 118, '011001': 20927, '011010': 8, '011011': 18379, '011100': 1930, '011101': 1724, '011111': 23, '100000': 17, '100010': 1708, '100011': 1941, '100100': 18247, '100101': 7, '100110': 20597, '100111': 113, '101001': 21, '101010': 1867, '101011': 3417, '101100': 10, '101110': 141, '101111': 14, '110000': 63, '110001': 52, '110010': 32, '110011': 25, '110100': 900, '110101': 44, '110110': 79, '110111': 5, '111000': 48, '111001': 54, '111010': 24, '111011': 169, '111100': 33, '111101': 33, '111110': 3, '111111': 37}",0.9643197,"['011001', '011011', '100100', '100110']",17
29,4,"[[-0.20350689  0.5332088 ]
 [-0.41086373  0.37311706]
 [-0.47942102  0.31613976]
 [-0.49557522  0.23139   ]
 [-0.5057471   0.1416266 ]]","{'000000': 6, '000001': 11, '000010': 209, '000011': 24460, '000100': 11, '000101': 23, '000110': 367, '000111': 7, '001001': 1, '001010': 12, '001011': 248, '001100': 58, '001101': 5, '001110': 77, '001111': 5, '010001': 2, '010010': 47, '010011': 11656, '010100': 75, '010101': 91, '010110': 234, '010111': 1, '011000': 1, '011001': 245, '011010': 89, '011011': 83, '011100': 12008, '011101': 49, '011111': 3, '100000': 1, '100010': 36, '100011': 11921, '100100': 74, '100101': 98, '100110': 238, '101001': 220, '101010': 72, '101011': 74, '101100': 11766, '101101': 40, '101110': 1, '110000': 3, '110001': 88, '110010': 14, '110011': 58, '110100': 246, '110101': 9, '110110': 2, '111000': 8, '111001': 392, '111010': 34, '111011': 7, '111100': 24336, '111101': 163, '111110': 11, '111111': 4}",0.9899125,"['000011', '010011', '011100', '100011', '101100', '111100']",36
30,6,"[[-0.15771447  0.4521796 ]
 [-0.28848258  0.30654478]
 [-0.30558178  0.28053558]
 [-0.35841486  0.24249731]
 [-0.4672286   0.15699127]]","{'000000': 39, '000001': 7, '000010': 1, '000011': 127, '000100': 48, '000101': 37, '000111': 6, '001000': 149, '001001': 18, '001010': 3492, '001011': 1984, '001100': 66, '001101': 35, '001110': 32, '010000': 29, '010001': 1, '010010': 88, '010011': 46, '010100': 1734, '010101': 1906, '010110': 31, '010111': 23, '011000': 18204, '011001': 3, '011010': 840, '011011': 47, '011100': 20940, '011101': 120, '011110': 81, '011111': 4, '100000': 13, '100001': 73, '100010': 128, '100011': 20968, '100100': 35, '100101': 917, '100110': 9, '100111': 18100, '101000': 20, '101001': 40, '101010': 1853, '101011': 1687, '101100': 47, '101101': 76, '101110': 1, '101111': 19, '110001': 24, '110010': 43, '110011': 50, '110100': 1994, '110101': 3337, '110110': 26, '110111': 153, '111000': 8, '111001': 1, '111010': 38, '111011': 44, '111100': 112, '111101': 10, '111110': 6, '111111': 30}",0.9643197,"['011000', '011100', '100011', '100111']",17
31,5,"[[-0.21411346  0.6143721 ]
 [-0.43040603  0.5396795 ]
 [-0.4952903   0.4656412 ]
 [-0.53962195  0.35512847]
 [-0.5991148   0.16460434]]","{'000000': 4, '000001': 21, '000010': 2, '000011': 175, '000110': 11, '000111': 39, '001000': 13, '001001': 16, '001010': 35, '001011': 4, '001100': 10, '001101': 19, '001110': 30, '001111': 8, '010000': 9, '010001': 1921, '010010': 147, '010011': 46201, '010100': 6, '010101': 21, '010110': 19, '010111': 11, '011000': 10, '011001': 1157, '011010': 32, '011011': 4, '011100': 56, '011101': 14, '011110': 1, '011111': 1, '100000': 1, '100010': 12, '100011': 53, '100100': 6, '100101': 31, '100110': 1202, '100111': 4, '101000': 15, '101001': 36, '101010': 27, '101011': 5, '101100': 46066, '101101': 147, '101110': 1996, '101111': 8, '110000': 10, '110001': 25, '110010': 21, '110011': 16, '110100': 2, '110101': 28, '110110': 17, '110111': 17, '111000': 57, '111001': 7, '111100': 165, '111101': 3, '111110': 24, '111111': 2}",0.98289114,"['010011', '101100']",92
32,5,"[[-0.18781967  0.5497918 ]
 [-0.38248715  0.43233588]
 [-0.4510008   0.32888815]
 [-0.56463665  0.22118257]
 [-0.6127398   0.12314885]]","{'000000': 1, '000001': 17, '000010': 28, '000011': 616, '000100': 6, '000101': 136, '000111': 7, '001000': 18, '001010': 10, '001011': 4, '001100': 604, '001101': 11, '001110': 15, '001111': 3, '010000': 19, '010001': 21, '010010': 238, '010011': 23286, '010100': 20, '010110': 24, '010111': 19, '011000': 258, '011001': 30, '011010': 1607, '011011': 4, '011100': 23178, '011101': 19, '011110': 5, '011111': 11, '100000': 10, '100001': 3, '100010': 16, '100011': 22968, '100100': 11, '100101': 1550, '100110': 27, '100111': 264, '101000': 23, '101001': 30, '101011': 20, '101100': 23092, '101101': 274, '101110': 21, '101111': 20, '110000': 1, '110001': 9, '110010': 9, '110011': 597, '110100': 9, '110101': 9, '110111': 18, '111000': 16, '111010': 136, '111011': 9, '111100': 602, '111101': 22, '111110': 19}",0.9854136,"['010011', '011100', '100011', '101100']",65
33,6,"[[-0.1916742   0.5716576 ]
 [-0.37053877  0.5232224 ]
 [-0.3973689   0.44335875]
 [-0.48804265  0.2943058 ]
 [-0.6040109   0.12116122]]","{'000000': 16, '000001': 9, '000010': 2, '000011': 9, '000100': 4, '000101': 8, '000110': 3, '000111': 50, '001000': 2, '001001': 5, '001010': 3, '001011': 48578, '001100': 7, '001101': 10, '001110': 11, '001111': 41, '010000': 9, '010001': 8, '010010': 12, '010011': 55, '010100': 806, '010101': 15, '010110': 13, '010111': 23, '011000': 9, '011001': 11, '011010': 14, '011011': 32, '011100': 47, '011101': 6, '011110': 5, '011111': 5, '100000': 13, '100001': 8, '100010': 4, '100011': 68, '100100': 49, '100101': 10, '100110': 6, '100111': 10, '101000': 28, '101001': 20, '101010': 18, '101011': 838, '101100': 46, '101101': 6, '101110': 8, '101111': 7, '110000': 38, '110001': 15, '110010': 9, '110011': 12, '110100': 48831, '110101': 6, '110110': 6, '110111': 3, '111000': 50, '111001': 7, '111010': 10, '111011': 4, '111100': 18, '111101': 6, '111110': 5, '111111': 13}",0.99299157,"['001011', '110100']",129
34,6,"[[-0.15771447  0.45217964]
 [-0.2884826   0.3065448 ]
 [-0.30558178  0.28053558]
 [-0.35841486  0.24249731]
 [-0.46722856  0.15699127]]","{'000000': 36, '000001': 45, '000010': 169, '000011': 35, '000100': 6, '000101': 41, '000110': 31, '000111': 53, '001000': 27, '001001': 1689, '001010': 18172, '001011': 20773, '001101': 1904, '001110': 15, '001111': 117, '010000': 12, '010010': 3423, '010011': 26, '010100': 106, '010101': 4, '010110': 1923, '011000': 82, '011001': 29, '011010': 886, '011011': 87, '011100': 41, '011101': 21, '011110': 49, '011111': 4, '100000': 8, '100001': 38, '100010': 23, '100011': 49, '100100': 80, '100101': 948, '100110': 28, '100111': 84, '101001': 2001, '101010': 4, '101011': 107, '101100': 29, '101101': 3428, '101111': 11, '110000': 111, '110001': 1, '110010': 2007, '110100': 20932, '110101': 18178, '110110': 1686, '110111': 20, '111000': 45, '111001': 18, '111010': 42, '111011': 6, '111100': 55, '111101': 173, '111110': 42, '111111': 40}",0.9643197,"['001010', '001011', '110100', '110101']",17
35,7,"[[-0.12460336  0.36623403]
 [-0.3209264   0.23494968]
 [-0.36601216  0.19736515]
 [-0.34503376  0.21277341]
 [-0.47753313  0.15487082]]","{'000000': 139, '000001': 37, '000010': 111, '000011': 270, '000100': 60, '000101': 292, '000110': 263, '000111': 384, '001000': 44, '001001': 18, '001010': 64, '001011': 387, '001100': 23, '001101': 8263, '001110': 378, '001111': 275, '010000': 45, '010001': 286, '010010': 254, '010011': 375, '010100': 301, '010101': 197, '010110': 396, '010111': 72, '011000': 16, '011001': 8196, '011010': 376, '011011': 255, '011100': 8417, '011101': 19394, '011110': 240, '011111': 100, '100000': 115, '100001': 236, '100010': 19115, '100011': 8484, '100100': 221, '100101': 373, '100110': 8410, '100111': 17, '101000': 71, '101001': 377, '101010': 200, '101011': 311, '101100': 369, '101101': 228, '101110': 255, '101111': 57, '110000': 269, '110001': 392, '110010': 8484, '110011': 14, '110100': 358, '110101': 78, '110110': 15, '110111': 44, '111000': 404, '111001': 226, '111010': 325, '111011': 47, '111100': 265, '111101': 117, '111110': 43, '111111': 152}",0.9773132,"['001101', '011001', '011100', '011101', '100010', '100011', '100110', '110010']",17
36,7,"[[-0.14821866  0.49957302]
 [-0.30458868  0.3949257 ]
 [-0.31123236  0.38941377]
 [-0.33344886  0.3119801 ]
 [-0.40045136  0.16941184]]","{'000000': 9, '000001': 1, '000010': 9, '000011': 1, '000101': 29, '000110': 87, '000111': 10, '001000': 1, '001001': 47, '001010': 10, '001011': 39, '001100': 5, '001101': 10, '001110': 140, '001111': 25, '010000': 1, '010001': 162, '010011': 5, '010100': 21, '010101': 101, '010110': 11, '010111': 5, '011000': 52, '011001': 48587, '011010': 51, '011011': 473, '011100': 15, '011101': 90, '011110': 15, '100001': 17, '100010': 95, '100011': 12, '100100': 458, '100101': 58, '100110': 48567, '100111': 37, '101000': 3, '101001': 20, '101010': 122, '101011': 19, '101100': 6, '101101': 1, '101110': 150, '101111': 2, '110000': 23, '110001': 139, '110010': 9, '110011': 3, '110100': 40, '110101': 7, '110110': 47, '111000': 8, '111001': 100, '111010': 27, '111101': 5, '111110': 1, '111111': 12}",0.991735,"['011001', '100110']",48
37,7,"[[-0.17421257  0.49828365]
 [-0.3352487   0.38206208]
 [-0.34444547  0.33673546]
 [-0.38867885  0.29120138]
 [-0.4804806   0.18259583]]","{'000000': 125, '000001': 34, '000010': 95, '000011': 5599, '000100': 11, '000101': 44, '000110': 53, '000111': 2161, '001000': 11, '001001': 32, '001010': 54, '001011': 2056, '001100': 118, '001101': 171, '001110': 128, '010000': 45, '010001': 23, '010010': 9, '010011': 44, '010100': 134, '010101': 19, '010110': 24, '010111': 21, '011000': 154, '011001': 17, '011010': 28, '011011': 23, '011100': 38518, '011101': 175, '011110': 292, '011111': 1, '100000': 1, '100001': 283, '100010': 200, '100011': 38176, '100100': 14, '100101': 34, '100110': 27, '100111': 115, '101000': 14, '101001': 21, '101010': 21, '101011': 130, '101100': 55, '101101': 5, '101110': 25, '101111': 45, '110001': 120, '110010': 162, '110011': 118, '110100': 2107, '110101': 58, '110110': 34, '110111': 18, '111000': 2054, '111001': 55, '111010': 32, '111011': 14, '111100': 5599, '111101': 77, '111110': 31, '111111': 136}",0.961234,"['011100', '100011']",18
38,6,"[[-0.15383708  0.4150281 ]
 [-0.27261993  0.27564073]
 [-0.31114346  0.24090429]
 [-0.36320412  0.18339485]
 [-0.5244643   0.14093894]]","{'000000': 25, '000001': 9, '000010': 213, '000011': 12, '000100': 1, '000101': 285, '000110': 9665, '000111': 8880, '001000': 9, '001001': 35, '001010': 10, '001011': 105, '001100': 16, '001101': 335, '001110': 16, '001111': 43, '010000': 6, '010001': 15, '010010': 9496, '010011': 13, '010100': 6, '010101': 570, '010110': 9497, '010111': 47, '011000': 296, '011001': 324, '011010': 9008, '011011': 57, '011100': 533, '011101': 515, '011110': 44, '011111': 15, '100000': 14, '100001': 48, '100010': 521, '100011': 549, '100100': 60, '100101': 8889, '100110': 331, '100111': 274, '101000': 44, '101001': 9738, '101010': 553, '101011': 9, '101100': 13, '101101': 9266, '101110': 17, '101111': 6, '110000': 48, '110001': 19, '110010': 379, '110011': 11, '110100': 90, '110101': 14, '110110': 30, '110111': 4, '111000': 8914, '111001': 9439, '111010': 314, '111011': 7, '111100': 15, '111101': 240, '111110': 14, '111111': 29}",0.98666465,"['000110', '000111', '010010', '010110', '011010', '100101', '101001', '101101', '111000', '111001']",16
39,8,"[[-0.16697347  0.46636444]
 [-0.2900984   0.41305196]
 [-0.3135756   0.41643262]
 [-0.4166678   0.32783478]
 [-0.5027999   0.13760851]]","{'000000': 91, '000010': 1, '000011': 58, '000100': 44, '000101': 6, '000110': 11, '000111': 10, '001001': 68, '001010': 54, '001011': 45559, '001100': 18, '001101': 15, '001110': 14, '001111': 179, '010000': 45, '010001': 131, '010010': 121, '010011': 76, '010100': 146, '010101': 10, '010110': 14, '010111': 8, '011000': 105, '011001': 72, '011010': 74, '011011': 2984, '011100': 21, '011101': 13, '011110': 9, '011111': 40, '100000': 58, '100001': 10, '100010': 10, '100011': 13, '100100': 2850, '100101': 72, '100110': 74, '100111': 125, '101000': 9, '101001': 13, '101010': 13, '101011': 130, '101100': 72, '101101': 122, '101110': 111, '101111': 41, '110000': 140, '110001': 18, '110010': 16, '110011': 8, '110100': 45725, '110101': 51, '110110': 55, '110111': 1, '111000': 23, '111001': 13, '111010': 13, '111011': 43, '111100': 59, '111101': 3, '111110': 1, '111111': 111}",0.98258835,"['001011', '110100']",75
